{
  "pose": [
    9.645144,
    -579.096863,
    38.81311,
    -175.071437,
    44.813264,
    99.320916
  ],
  "position_mm": [
    9.645144,
    -579.096863,
    38.81311
  ],
  "orientation_deg": [
    -175.071437,
    44.813264,
    99.320916
  ],
  "joint_angles_deg": [
    -89.861039,
    46.474498,
    -60.328216,
    -3.014961,
    -31.186207,
    -183.922317,
    0.0
  ],
  "arm": "left",
  "end_effector": {
    "type": "zw-dm17",
    "angles": [
      0,
      0,
      611,
      437,
      384,
      33,
      1000,
      621,
      0,
      732,
      463,
      0,
      442,
      469,
      0,
      1000,
      0
    ]
  }
}