{
  "pose": [
    -124.704933,
    -595.530884,
    -30.107557,
    91.925807,
    16.664535,
    65.736479
  ],
  "position_mm": [
    -124.704933,
    -595.530884,
    -30.107557
  ],
  "orientation_deg": [
    91.925807,
    16.664535,
    65.736479
  ],
  "joint_angles_deg": [
    -118.790308,
    78.238017,
    -113.497095,
    85.689734,
    90.785105,
    -251.507903,
    0.0
  ],
  "arm": "left",
  "end_effector": {
    "type": "zw-dm17",
    "angles": [
      580,
      331,
      149,
      570,
      440,
      70,
      12,
      638,
      63,
      89,
      607,
      38,
      0,
      405,
      26,
      987,
      0
    ]
  }
}