{
  "pose": [
    151.645554,
    -404.354614,
    167.012238,
    -178.212678,
    49.187109,
    -175.586927
  ],
  "position_mm": [
    151.645554,
    -404.354614,
    167.012238
  ],
  "orientation_deg": [
    -178.212678,
    49.187109,
    -175.586927
  ],
  "joint_angles_deg": [
    -82.051739,
    6.161989,
    -44.046933,
    65.716999,
    55.71201,
    46.129749,
    0.0
  ],
  "arm": "left",
  "end_effector": {
    "type": "zw-dm17",
    "angles": [
      233,
      111,
      147,
      184,
      219,
      618,
      290,
      343,
      560,
      0,
      0,
      0,
      0,
      0,
      0,
      965,
      0
    ]
  }
}