{
  "pose": [
    -16.563852,
    -322.308899,
    285.941833,
    -90.164134,
    1.902277,
    -92.910721
  ],
  "position_mm": [
    -16.563852,
    -322.308899,
    285.941833
  ],
  "orientation_deg": [
    -90.164134,
    1.902277,
    -92.910721
  ],
  "joint_angles_deg": [
    -125.448021,
    -1.824527,
    -39.589206,
    64.321445,
    110.712979,
    -51.50203,
    0.0
  ],
  "arm": "left",
  "end_effector": {
    "type": "zw-dm17",
    "angles": [
      0,
      0,
      0,
      1000,
      866,
      0,
      1000,
      1000,
      51,
      1000,
      1000,
      8,
      1000,
      986,
      56,
      0,
      0
    ]
  }
}