{
  "pose": [
    -16.563169,
    -322.303802,
    285.934418,
    -90.161498,
    1.904283,
    -92.910206
  ],
  "position_mm": [
    -16.563169,
    -322.303802,
    285.934418
  ],
  "orientation_deg": [
    -90.161498,
    1.904283,
    -92.910206
  ],
  "joint_angles_deg": [
    -125.448594,
    -1.822636,
    -39.588576,
    64.321445,
    110.71464,
    -51.502145,
    0.0
  ],
  "arm": "left",
  "end_effector": {
    "type": "zw-dm17",
    "angles": [
      0,
      0,
      0,
      0,
      0,
      0,
      0,
      0,
      0,
      0,
      0,
      0,
      0,
      0,
      0,
      0,
      1000
    ]
  }
}