{
  "pose": [
    -16.566298,
    -322.305511,
    285.941833,
    -90.162358,
    1.902907,
    -92.91055
  ],
  "position_mm": [
    -16.566298,
    -322.305511,
    285.941833
  ],
  "orientation_deg": [
    -90.162358,
    1.902907,
    -92.91055
  ],
  "joint_angles_deg": [
    -125.448937,
    -1.823725,
    -39.589149,
    64.321445,
    110.71464,
    -51.502145,
    0.0
  ],
  "arm": "left",
  "end_effector": {
    "type": "zw-dm17",
    "angles": [
      0,
      0,
      0,
      0,
      0,
      0,
      0,
      0,
      0,
      0,
      0,
      0,
      0,
      0,
      0,
      0,
      0
    ]
  }
}