{
  "pose": [
    9.100959,
    -563.078735,
    234.167847,
    -88.69656,
    -1.699908,
    -91.861578
  ],
  "position_mm": [
    9.100959,
    -563.078735,
    234.167847
  ],
  "orientation_deg": [
    -88.69656,
    -1.699908,
    -91.861578
  ],
  "joint_angles_deg": [
    -108.42682,
    39.446082,
    -87.578834,
    79.721749,
    103.174573,
    -44.567579,
    0.0
  ],
  "arm": "left",
  "end_effector": {
    "type": "zw-dm17",
    "angles": [
      1000,
      208,
      0,
      907,
      0,
      713,
      835,
      196,
      863,
      957,
      0,
      825,
      519,
      0,
      774,
      169,
      1000
    ]
  }
}