{
  "pose": [
    -7.896968,
    -308.694366,
    310.957703,
    -83.709764,
    0.972539,
    -87.537237
  ],
  "position_mm": [
    -7.896968,
    -308.694366,
    310.957703
  ],
  "orientation_deg": [
    -83.709764,
    0.972539,
    -87.537237
  ],
  "joint_angles_deg": [
    -125.447963,
    -1.930066,
    -40.272058,
    64.313424,
    119.368537,
    -51.502145,
    0.0
  ],
  "arm": "left",
  "end_effector": {
    "type": "zw-dm17",
    "angles": [
      0,
      81,
      723,
      0,
      0,
      0,
      346,
      465,
      662,
      0,
      0,
      0,
      0,
      0,
      0,
      917,
      0
    ]
  }
}