{
  "pose": [
    -7.893596,
    -308.693024,
    310.95224,
    -83.708962,
    0.973914,
    -87.536721
  ],
  "position_mm": [
    -7.893596,
    -308.693024,
    310.95224
  ],
  "orientation_deg": [
    -83.708962,
    0.973914,
    -87.536721
  ],
  "joint_angles_deg": [
    -125.447505,
    -1.929321,
    -40.271485,
    64.313424,
    119.368537,
    -51.501801,
    0.0
  ],
  "arm": "left",
  "end_effector": {
    "type": "zw-dm17",
    "angles": [
      0,
      81,
      723,
      0,
      163,
      774,
      0,
      0,
      0,
      0,
      0,
      0,
      0,
      0,
      0,
      694,
      0
    ]
  }
}