{
  "pose": [
    -7.908202,
    -308.698364,
    310.966217,
    -83.711197,
    0.97082,
    -87.538841
  ],
  "position_mm": [
    -7.908202,
    -308.698364,
    310.966217
  ],
  "orientation_deg": [
    -83.711197,
    0.97082,
    -87.538841
  ],
  "joint_angles_deg": [
    -125.449453,
    -1.930982,
    -40.273375,
    64.313424,
    119.368423,
    -51.502145,
    0.0
  ],
  "arm": "left",
  "end_effector": {
    "type": "zw-dm17",
    "angles": [
      0,
      81,
      723,
      189,
      268,
      758,
      346,
      465,
      662,
      0,
      0,
      0,
      0,
      0,
      0,
      907,
      0
    ]
  }
}