{
  "pose": [
    54.436695,
    -500.125061,
    398.01413,
    -95.797226,
    2.140055,
    -101.927186
  ],
  "position_mm": [
    54.436695,
    -500.125061,
    398.01413
  ],
  "orientation_deg": [
    -95.797226,
    2.140055,
    -101.927186
  ],
  "joint_angles_deg": [
    -104.160404,
    4.192733,
    -65.77143,
    83.74099,
    89.390813,
    -26.360929,
    0.0
  ],
  "arm": "left",
  "end_effector": {
    "type": "zw-dm17",
    "angles": [
      0,
      356,
      1000,
      1000,
      479,
      61,
      1000,
      774,
      152,
      1000,
      794,
      193,
      1000,
      366,
      183,
      458,
      1000
    ]
  }
}