{
  "pose": [
    -16.177288,
    -322.014343,
    285.671021,
    -90.107124,
    1.967308,
    -92.875427
  ],
  "position_mm": [
    -16.177288,
    -322.014343,
    285.671021
  ],
  "orientation_deg": [
    -90.107124,
    1.967308,
    -92.875427
  ],
  "joint_angles_deg": [
    -125.419602,
    -1.821891,
    -39.512659,
    64.326373,
    110.727474,
    -51.50203,
    0.0
  ],
  "arm": "left",
  "end_effector": {
    "type": "zw-dm17",
    "angles": [
      112,
      978,
      631,
      1000,
      743,
      0,
      1000,
      978,
      0,
      1000,
      886,
      0,
      713,
      112,
      214,
      733,
      1000
    ]
  }
}