{
  "pose": [
    -16.170879,
    -322.010956,
    285.666595,
    -90.10552,
    1.968683,
    -92.874109
  ],
  "position_mm": [
    -16.170879,
    -322.010956,
    285.666595
  ],
  "orientation_deg": [
    -90.10552,
    1.968683,
    -92.874109
  ],
  "joint_angles_deg": [
    -125.418914,
    -1.82086,
    -39.512086,
    64.326373,
    110.728448,
    -51.501916,
    0.0
  ],
  "arm": "left",
  "end_effector": {
    "type": "zw-dm17",
    "angles": [
      61,
      754,
      591,
      1000,
      743,
      0,
      1000,
      978,
      0,
      1000,
      886,
      0,
      713,
      112,
      214,
      112,
      1000
    ]
  }
}