{
  "pose": [
    25.689461,
    -483.345184,
    385.921936,
    -92.849931,
    -6.780612,
    -101.312345
  ],
  "position_mm": [
    25.689461,
    -483.345184,
    385.921936
  ],
  "orientation_deg": [
    -92.849931,
    -6.780612,
    -101.312345
  ],
  "joint_angles_deg": [
    -108.997256,
    4.199838,
    -62.826828,
    83.740188,
    94.781772,
    -38.605323,
    0.0
  ],
  "arm": "left",
  "end_effector": {
    "type": "zw-dm17",
    "angles": [
      0,
      0,
      0,
      0,
      0,
      0,
      0,
      0,
      152,
      0,
      0,
      0,
      0,
      0,
      0,
      0,
      1000
    ]
  }
}