{
  "version": 1,
  "poses": {
    "open": {
      "description": "Fully extend all fingers, thumb out.",
      "mean_angles_rad": [
        0.0,
        0.0,
        0.0,
        0.0,
        0.17450000000000007,
        0.5924053935132166,
        0.0,
        0.08481426391922196,
        0.5937617138339808,
        0.0,
        1.839514890280916e-06,
        0.47790815152874866,
        0.0,
        0.0,
        0.2745464172195976,
        0.0,
        9.729136708840714e-06
      ],
      "std_angles_rad": [
        0.0,
        0.0,
        0.0,
        0.0,
        8.326672684688674e-17,
        0.013058858973777425,
        0.0,
        0.0015705609748105649,
        0.01201905087421329,
        0.0,
        9.906090849340683e-06,
        0.011355398699219985,
        0.0,
        0.0,
        0.010568146713400929,
        0.0,
        5.2393004608249415e-05
      ]
    },
    "fist": {
      "description": "Make a tight fist, thumb wrapped over fingers.",
      "mean_angles_rad": [
        0.24226185187653593,
        0.03724598071426456,
        0.5686602811688367,
        0.7469251679554942,
        0.0,
        1.570799999999999,
        1.4640168998076508,
        0.5440020628219318,
        1.570799999999999,
        1.570799999999999,
        1.0414682883357023,
        1.570799999999999,
        1.3962999999999994,
        1.3575660426846357,
        1.5707238001330026,
        1.570799999999999,
        1.3962999999999994
      ],
      "std_angles_rad": [
        0.023331442453561245,
        0.027343796035583515,
        0.07728971897755134,
        0.05687955761426722,
        0.0,
        8.881784197001252e-16,
        0.020245801019379374,
        0.014619985741064146,
        8.881784197001252e-16,
        8.881784197001252e-16,
        0.02263984569653967,
        8.881784197001252e-16,
        6.661338147750939e-16,
        0.013849502731959307,
        0.00041034884205849714,
        8.881784197001252e-16,
        6.661338147750939e-16
      ]
    },
    "thumb_opposition": {
      "description": "Touch your thumb to your pinky base, fingers open.",
      "mean_angles_rad": [
        0.2513236325072529,
        0.1768674006701137,
        0.4276279681814659,
        0.24776837361589382,
        0.17450000000000007,
        0.4979307965227153,
        0.0,
        0.028270177345235688,
        0.21068842067927485,
        0.0,
        0.0,
        0.41596007790421763,
        0.0,
        0.09887901323800401,
        0.8738111232166832,
        0.14419008085397048,
        0.5996372357670052
      ],
      "std_angles_rad": [
        0.0165704890159248,
        0.011268214509764991,
        0.017755475926100578,
        0.009005756694017366,
        8.326672684688674e-17,
        0.01088568816121663,
        0.0,
        0.002371667353782817,
        0.006779691552925931,
        0.0,
        0.0,
        0.010807898878193632,
        0.0,
        0.005473279105562325,
        0.007441650266210275,
        0.015281759579066797,
        0.0349542837428282
      ]
    },
    "spread": {
      "description": "Spread all fingers as wide apart as possible.",
      "mean_angles_rad": [
        0.0,
        0.0,
        0.0,
        0.0,
        0.17450000000000007,
        0.5215281255771822,
        0.002732189185536694,
        0.1251141935013504,
        0.4772143919996052,
        0.0,
        0.0,
        0.34604253597693546,
        0.0,
        0.0,
        0.10940082907035703,
        0.0,
        0.00016581619563953447
      ],
      "std_angles_rad": [
        0.0,
        0.0,
        0.0,
        0.0,
        8.326672684688674e-17,
        0.012966088058194904,
        0.0022667366740759523,
        0.0026005425012141513,
        0.012046374854626266,
        0.0,
        0.0,
        0.011174405747570735,
        0.0,
        0.0,
        0.008434257919129485,
        0.0,
        0.0003596813665568519
      ]
    },
    "hook": {
      "description": "Curl only the DIP/PIP joints, keep MCP straight.",
      "mean_angles_rad": [
        0.0,
        0.0,
        0.0,
        0.0,
        0.17450000000000007,
        0.5448503097688201,
        0.3041213687186177,
        0.6214009469846943,
        0.8086154080644959,
        0.13016452681730187,
        0.9868040041727074,
        0.7826733200459053,
        0.1034146587857038,
        0.5766217101297921,
        0.4583880873432273,
        0.09663168559671953,
        1.1014543528990512
      ],
      "std_angles_rad": [
        0.0,
        0.0,
        0.0,
        0.0,
        8.326672684688674e-17,
        0.020604588756475188,
        0.025909576107066404,
        0.03537108879427402,
        0.018414173815607636,
        0.010970154353480368,
        0.07310282610455318,
        0.015683979530045043,
        0.007652402470635518,
        0.042258273561006185,
        0.01491622503884855,
        0.013794835951747152,
        0.055915745360130414
      ]
    }
  },
  "joint_ranges": {
    "observed_min": [
      0.0,
      0.0,
      0.0,
      0.0,
      0.0,
      0.4773366264208618,
      0.0,
      0.02568484883026776,
      0.1969322455723025,
      0.0,
      0.0,
      0.3185611917311412,
      0.0,
      0.0,
      0.0862921233377186,
      0.0,
      0.0
    ],
    "observed_max": [
      0.2920425215568868,
      0.19496371117665767,
      0.7169711844716098,
      0.8991469779924945,
      0.1745,
      1.5708,
      1.5025747322691023,
      0.6651691529378757,
      1.5708,
      1.5708,
      1.110112226533084,
      1.5708,
      1.3963,
      1.3963,
      1.5708,
      1.5708,
      1.3963
    ]
  }
}