{
  "pose": [
    316.371216,
    132.717911,
    248.502869,
    179.646448,
    -0.722614,
    -0.76719
  ],
  "position_mm": [
    316.371216,
    132.717911,
    248.502869
  ],
  "orientation_deg": [
    179.646448,
    -0.722614,
    -0.76719
  ],
  "joint_angles_deg": [
    23.198087,
    -27.825925,
    -45.049895,
    -0.646984,
    72.360158,
    24.160828,
    0.0
  ],
  "arm": "right"
}