{
  "pose": [
    9.163365,
    407.63797,
    277.525391,
    180.00002,
    -0.000974,
    -0.963257
  ],
  "position_mm": [
    9.163365,
    407.63797,
    277.525391
  ],
  "orientation_deg": [
    180.00002,
    -0.000974,
    -0.963257
  ],
  "joint_angles_deg": [
    88.712832,
    -14.471653,
    -61.257897,
    -0.000974,
    75.729551,
    89.676317,
    0.0
  ],
  "arm": "right"
}