{
  "pose": [
    117.713791,
    171.453995,
    229.663025,
    179.407295,
    0.368756,
    0.082563
  ],
  "position_mm": [
    117.713791,
    171.453995,
    229.663025
  ],
  "orientation_deg": [
    179.407295,
    0.368756,
    0.082563
  ],
  "joint_angles_deg": [
    55.568197,
    -58.286653,
    -25.094119,
    -0.0322,
    84.078061,
    55.487238,
    0.0
  ],
  "arm": "right"
}