{
  "pose": [
    83.924095,
    194.760223,
    348.322571,
    -178.056089,
    2.539578,
    92.629628
  ],
  "position_mm": [
    83.924095,
    194.760223,
    348.322571
  ],
  "orientation_deg": [
    -178.056089,
    2.539578,
    92.629628
  ],
  "joint_angles_deg": [
    65.892152,
    -48.390812,
    -49.737091,
    0.605903,
    101.269431,
    -26.592289,
    0.0
  ],
  "arm": "right"
}