{
  "pose": [
    68.028755,
    -436.741394,
    279.702789,
    -171.525516,
    -59.195478,
    -96.28212
  ],
  "position_mm": [
    68.028755,
    -436.741394,
    279.702789
  ],
  "orientation_deg": [
    -171.525516,
    -59.195478,
    -96.28212
  ],
  "joint_angles_deg": [
    -93.112231,
    -33.514364,
    -29.351711,
    -121.004848,
    -6.711112,
    122.810008,
    0.0
  ],
  "linear_rail_mm": 429.0,
  "arm": "left"
}