{
  "pose": [
    -211.941376,
    -419.530365,
    428.220367,
    89.868774,
    -0.050879,
    -21.076424
  ],
  "position_mm": [
    -211.941376,
    -419.530365,
    428.220367
  ],
  "orientation_deg": [
    89.868774,
    -0.050879,
    -21.076424
  ],
  "joint_angles_deg": [
    -116.933123,
    -42.155083,
    -32.648052,
    -201.206792,
    16.384358,
    110.482363,
    0.0
  ],
  "linear_rail_mm": 429.0,
  "arm": "left"
}