{
  "pose": [
    334.314697,
    159.80722,
    439.819885,
    -5.705743,
    -87.320487,
    -177.4126
  ],
  "position_mm": [
    334.314697,
    159.80722,
    439.819885
  ],
  "orientation_deg": [
    -5.705743,
    -87.320487,
    -177.4126
  ],
  "joint_angles_deg": [
    58.817384,
    -64.261972,
    -14.194686,
    -98.998799,
    63.189281,
    104.62513,
    0.0
  ],
  "arm": "right"
}