{
  "pose": [
    247.244873,
    255.171158,
    286.320892,
    -179.675783,
    -1.774794,
    178.716537
  ],
  "position_mm": [
    247.244873,
    255.171158,
    286.320892
  ],
  "orientation_deg": [
    -179.675783,
    -1.774794,
    178.716537
  ],
  "joint_angles_deg": [
    45.139735,
    -23.609815,
    -54.947798,
    1.078421,
    80.017796,
    226.217718,
    0.0
  ],
  "arm": "right"
}