{
  "pose": [
    340.509705,
    244.572556,
    434.703918,
    13.264489,
    -88.44675,
    163.918584
  ],
  "position_mm": [
    340.509705,
    244.572556,
    434.703918
  ],
  "orientation_deg": [
    13.264489,
    -88.44675,
    163.918584
  ],
  "joint_angles_deg": [
    70.221535,
    -40.963045,
    -26.649528,
    -98.065737,
    74.949411,
    113.323661,
    0.0
  ],
  "arm": "right"
}