{
  "pose": [
    -296.045013,
    565.395508,
    26.515284,
    -173.066428,
    -29.742468,
    -5.057441
  ],
  "position_mm": [
    -296.045013,
    565.395508,
    26.515284
  ],
  "orientation_deg": [
    -173.066428,
    -29.742468,
    -5.057441
  ],
  "joint_angles_deg": [
    -231.997487,
    62.886071,
    -129.014339,
    -26.459936,
    82.993223,
    138.457428,
    0.0
  ],
  "linear_rail_mm": 429.0,
  "arm": "left"
}