{
  "pose": [
    63.885269,
    -436.754791,
    220.899384,
    -144.434696,
    -28.430166,
    -135.151233
  ],
  "position_mm": [
    63.885269,
    -436.754791,
    220.899384
  ],
  "orientation_deg": [
    -144.434696,
    -28.430166,
    -135.151233
  ],
  "joint_angles_deg": [
    -91.027123,
    -17.10153,
    -44.068132,
    -153.557101,
    -19.396455,
    193.115597,
    0.0
  ],
  "linear_rail_mm": 429.0,
  "arm": "left"
}