{
  "pose": [
    -18.774498,
    -693.084778,
    282.045868,
    14.507635,
    -89.716367,
    69.477206
  ],
  "position_mm": [
    -18.774498,
    -693.084778,
    282.045868
  ],
  "orientation_deg": [
    14.507635,
    -89.716367,
    69.477206
  ],
  "joint_angles_deg": [
    -89.895875,
    13.73334,
    -61.202951,
    -171.034605,
    43.157817,
    173.334458,
    0.0
  ],
  "linear_rail_mm": 0.0,
  "arm": "left"
}