{
  "pose": [
    261.966492,
    72.678154,
    549.951172,
    0.629451,
    -70.317678,
    178.587851
  ],
  "position_mm": [
    261.966492,
    72.678154,
    549.951172
  ],
  "orientation_deg": [
    0.629451,
    -70.317678,
    178.587851
  ],
  "joint_angles_deg": [
    0.060103,
    -99.454301,
    -10.205009,
    -91.786693,
    0.757164,
    91.291027,
    0.0
  ],
  "arm": "right"
}