{
  "pose": [
    297.587036,
    246.200836,
    440.871429,
    22.157596,
    -87.381793,
    155.459378
  ],
  "position_mm": [
    297.587036,
    246.200836,
    440.871429
  ],
  "orientation_deg": [
    22.157596,
    -87.381793,
    155.459378
  ],
  "joint_angles_deg": [
    82.381763,
    -43.971589,
    -24.824829,
    -94.170541,
    85.984407,
    110.473138,
    0.0
  ],
  "arm": "right"
}