{
  "pose": [
    -33.561409,
    -789.615601,
    292.428436,
    -32.289438,
    -88.486857,
    115.791562
  ],
  "position_mm": [
    -33.561409,
    -789.615601,
    292.428436
  ],
  "orientation_deg": [
    -32.289438,
    -88.486857,
    115.791562
  ],
  "joint_angles_deg": [
    -91.402983,
    30.59056,
    -87.35051,
    -171.046351,
    34.852908,
    173.327124,
    0.0
  ],
  "linear_rail_mm": 0.0,
  "arm": "left"
}