{
  "pose": [
    334.589417,
    72.75132,
    448.735138,
    15.996008,
    -88.280879,
    163.299331
  ],
  "position_mm": [
    334.589417,
    72.75132,
    448.735138
  ],
  "orientation_deg": [
    15.996008,
    -88.280879,
    163.299331
  ],
  "joint_angles_deg": [
    0.060619,
    -82.721641,
    -8.907374,
    -91.786807,
    0.758482,
    91.291199,
    0.0
  ],
  "arm": "right"
}