{
  "arm": "both",
  "right": {
    "pose": [
      128.273865,
      223.142807,
      308.554901,
      175.190669,
      -49.883425,
      -40.22708
    ],
    "position_mm": [
      128.273865,
      223.142807,
      308.554901
    ],
    "orientation_deg": [
      175.190669,
      -49.883425,
      -40.22708
    ],
    "joint_angles_deg": [
      94.388494,
      -18.038258,
      -54.555895,
      -31.450685,
      112.060633,
      135.461318,
      0.0
    ],
    "end_effector": {
      "type": "xarm-gripper2",
      "position": 241.0
    }
  },
  "left": {
    "pose": [
      39.940636,
      -289.795593,
      492.146271,
      10.226781,
      -78.480608,
      75.632778
    ],
    "position_mm": [
      39.940636,
      -289.795593,
      492.146271
    ],
    "orientation_deg": [
      10.226781,
      -78.480608,
      75.632778
    ],
    "joint_angles_deg": [
      -104.34461,
      -93.674933,
      -14.369896,
      -122.268048,
      -12.094394,
      122.846792,
      0.0
    ],
    "linear_rail_mm": 0.0
  }
}