{
  "pose": [
    83.913918,
    -133.208237,
    888.041992,
    6.240828,
    21.774516,
    86.202302
  ],
  "position_mm": [
    83.913918,
    -133.208237,
    888.041992
  ],
  "orientation_deg": [
    6.240828,
    21.774516,
    86.202302
  ],
  "joint_angles_deg": [
    -79.05729,
    -46.380762,
    -49.62714,
    -191.79808,
    103.328412,
    163.29131,
    0.0
  ],
  "linear_rail_mm": 429.0,
  "arm": "left"
}