{
  "pose": [
    -384.641022,
    -9.554101,
    113.639153,
    175.982841,
    -66.27993,
    -177.691859
  ],
  "position_mm": [
    -384.641022,
    -9.554101,
    113.639153
  ],
  "orientation_deg": [
    175.982841,
    -66.27993,
    -177.691859
  ],
  "joint_angles_deg": [
    -176.304213,
    -24.769997,
    -5.485154,
    -171.048013,
    36.313779,
    173.326551,
    0.0
  ],
  "linear_rail_mm": 429.0,
  "arm": "left"
}