{
  "pose": [
    332.26947,
    160.244705,
    473.87204,
    25.006055,
    -87.832826,
    151.684617
  ],
  "position_mm": [
    332.26947,
    160.244705,
    473.87204
  ],
  "orientation_deg": [
    25.006055,
    -87.832826,
    151.684617
  ],
  "joint_angles_deg": [
    59.561713,
    -64.071693,
    -19.143838,
    -95.644418,
    63.337791,
    97.68071,
    0.0
  ],
  "arm": "right"
}