{
  "pose": [
    244.343506,
    204.062912,
    220.776398,
    168.155607,
    -69.557821,
    -57.492591
  ],
  "position_mm": [
    244.343506,
    204.062912,
    220.776398
  ],
  "orientation_deg": [
    168.155607,
    -69.557821,
    -57.492591
  ],
  "joint_angles_deg": [
    72.311227,
    12.648101,
    -63.079445,
    -37.836471,
    110.877016,
    145.4156,
    0.0
  ],
  "arm": "right"
}