{
  "pose": [
    -51.183678,
    -273.36084,
    800.578369,
    86.780531,
    3.246092,
    2.282893
  ],
  "position_mm": [
    -51.183678,
    -273.36084,
    800.578369
  ],
  "orientation_deg": [
    86.780531,
    3.246092,
    2.282893
  ],
  "joint_angles_deg": [
    -141.193416,
    -58.223914,
    -69.709254,
    -291.666114,
    59.925369,
    219.51245,
    0.0
  ],
  "linear_rail_mm": 429.0,
  "arm": "left"
}