{
  "pose": [
    -295.461334,
    44.382145,
    259.237823,
    -154.736764,
    -43.156728,
    136.864205
  ],
  "position_mm": [
    -295.461334,
    44.382145,
    259.237823
  ],
  "orientation_deg": [
    -154.736764,
    -43.156728,
    136.864205
  ],
  "joint_angles_deg": [
    -189.112914,
    -55.38932,
    -25.318317,
    -179.176794,
    -31.989895,
    203.39211,
    0.0
  ],
  "linear_rail_mm": 429.0,
  "arm": "left"
}