{
  "pose": [
    -356.2146,
    398.92395,
    132.759491,
    87.661912,
    0.354604,
    -141.672925
  ],
  "position_mm": [
    -356.2146,
    398.92395,
    132.759491
  ],
  "orientation_deg": [
    87.661912,
    0.354604,
    -141.672925
  ],
  "joint_angles_deg": [
    -225.011756,
    16.824447,
    -25.838506,
    -173.314175,
    83.384668,
    88.599042,
    0.0
  ],
  "linear_rail_mm": 429.0,
  "arm": "left"
}