{
  "pose": [
    333.269501,
    161.245987,
    469.870911,
    24.945666,
    -87.833456,
    151.745408
  ],
  "position_mm": [
    333.269501,
    161.245987,
    469.870911
  ],
  "orientation_deg": [
    24.945666,
    -87.833456,
    151.745408
  ],
  "joint_angles_deg": [
    59.442137,
    -63.716918,
    -18.781327,
    -96.024518,
    63.292356,
    98.495456,
    0.0
  ],
  "arm": "right"
}