{
  "pose": [
    54.111645,
    -324.422119,
    583.207214,
    -0.693852,
    -23.734719,
    86.708339
  ],
  "position_mm": [
    54.111645,
    -324.422119,
    583.207214
  ],
  "orientation_deg": [
    -0.693852,
    -23.734719,
    86.708339
  ],
  "joint_angles_deg": [
    -72.943715,
    -46.116342,
    -8.216673,
    -171.054716,
    103.33036,
    163.293545,
    0.0
  ],
  "arm": "left"
}