{
  "pose": [
    288.97406,
    -519.036011,
    -3.323666,
    -155.733939,
    -16.759818,
    -107.574545
  ],
  "position_mm": [
    288.97406,
    -519.036011,
    -3.323666
  ],
  "orientation_deg": [
    -155.733939,
    -16.759818,
    -107.574545
  ],
  "joint_angles_deg": [
    -67.82577,
    41.60258,
    -87.138802,
    -153.5567,
    -19.396168,
    193.115941,
    0.0
  ],
  "linear_rail_mm": 429.0,
  "arm": "left"
}