{
  "pose": [
    2.690379,
    439.382355,
    458.690094,
    174.96607,
    -41.749028,
    93.494795
  ],
  "position_mm": [
    2.690379,
    439.382355,
    458.690094
  ],
  "orientation_deg": [
    174.96607,
    -41.749028,
    93.494795
  ],
  "joint_angles_deg": [
    91.314748,
    -38.916783,
    -52.538683,
    -4.698311,
    49.679165,
    1.414576,
    0.0
  ],
  "arm": "right"
}