{
  "pose": [
    179.702057,
    -258.22699,
    832.80011,
    88.45374,
    4.503964,
    52.463625
  ],
  "position_mm": [
    179.702057,
    -258.22699,
    832.80011
  ],
  "orientation_deg": [
    88.45374,
    4.503964,
    52.463625
  ],
  "joint_angles_deg": [
    -89.497154,
    -46.671366,
    -81.251489,
    -294.315814,
    59.925713,
    219.51245,
    0.0
  ],
  "linear_rail_mm": 429.0,
  "arm": "left"
}