{
  "pose": [
    244.087189,
    204.652588,
    235.066483,
    171.223853,
    -69.524017,
    -61.268898
  ],
  "position_mm": [
    244.087189,
    204.652588,
    235.066483
  ],
  "orientation_deg": [
    171.223853,
    -69.524017,
    -61.268898
  ],
  "joint_angles_deg": [
    72.279256,
    11.570023,
    -64.251659,
    -37.834409,
    112.683896,
    145.416001,
    0.0
  ],
  "arm": "right"
}