{
  "pose": [
    242.424011,
    214.234741,
    278.854828,
    179.889038,
    -1.583426,
    178.322571
  ],
  "position_mm": [
    242.424011,
    214.234741,
    278.854828
  ],
  "orientation_deg": [
    179.889038,
    -1.583426,
    178.322571
  ],
  "joint_angles_deg": [
    40.561974,
    -30.515159,
    -48.358841,
    1.164308,
    79.973907,
    222.027219,
    0.0
  ],
  "arm": "right"
}