{
  "pose": [
    -252.90271,
    562.826294,
    96.635033,
    178.833764,
    -41.156532,
    3.789543
  ],
  "position_mm": [
    -252.90271,
    562.826294,
    96.635033
  ],
  "orientation_deg": [
    178.833764,
    -41.156532,
    3.789543
  ],
  "joint_angles_deg": [
    -231.60226,
    66.908636,
    -144.083358,
    -32.855291,
    102.334789,
    125.194258,
    0.0
  ],
  "linear_rail_mm": 429.0,
  "arm": "left"
}