{
  "pose": [
    235.950027,
    152.938705,
    482.887726,
    -9.470649,
    -87.62341,
    -172.023588
  ],
  "position_mm": [
    235.950027,
    152.938705,
    482.887726
  ],
  "orientation_deg": [
    -9.470649,
    -87.62341,
    -172.023588
  ],
  "joint_angles_deg": [
    112.482845,
    -71.901677,
    -16.321963,
    -91.775176,
    114.031034,
    91.291772,
    0.0
  ],
  "arm": "right"
}