{
  "pose": [
    -391.401001,
    491.210968,
    215.975128,
    68.505355,
    -87.924098,
    -124.84143
  ],
  "position_mm": [
    -391.401001,
    491.210968,
    215.975128
  ],
  "orientation_deg": [
    68.505355,
    -87.924098,
    -124.84143
  ],
  "joint_angles_deg": [
    -228.791272,
    11.524015,
    -44.088701,
    -171.158192,
    58.50833,
    173.322311,
    0.0
  ],
  "linear_rail_mm": 429.0,
  "arm": "left"
}