{
  "pose": [
    -357.92453,
    387.342926,
    44.070744,
    -179.809053,
    1.446604,
    108.580544
  ],
  "position_mm": [
    -357.92453,
    387.342926,
    44.070744
  ],
  "orientation_deg": [
    -179.809053,
    1.446604,
    108.580544
  ],
  "joint_angles_deg": [
    -227.693313,
    55.801448,
    -121.330803,
    -179.17645,
    -66.77909,
    203.395605,
    0.0
  ],
  "linear_rail_mm": 429.0,
  "arm": "left"
}