{
  "pose": [
    313.840332,
    -112.127281,
    830.436829,
    89.367436,
    3.238357,
    90.219539
  ],
  "position_mm": [
    313.840332,
    -112.127281,
    830.436829
  ],
  "orientation_deg": [
    89.367436,
    3.238357,
    90.219539
  ],
  "joint_angles_deg": [
    -51.850102,
    -43.424987,
    -82.939766,
    -294.239267,
    59.926916,
    219.51245,
    0.0
  ],
  "linear_rail_mm": 429.0,
  "arm": "left"
}