{
  "pose": [
    -386.412506,
    515.42749,
    153.13829,
    -170.288213,
    -35.555641,
    5.970048
  ],
  "position_mm": [
    -386.412506,
    515.42749,
    153.13829
  ],
  "orientation_deg": [
    -170.288213,
    -35.555641,
    5.970048
  ],
  "joint_angles_deg": [
    -219.535941,
    66.864003,
    -153.691459,
    -32.851853,
    103.682901,
    128.246175,
    0.0
  ],
  "linear_rail_mm": 429.0,
  "arm": "left"
}