{
  "pose": [
    -253.676804,
    565.161072,
    6.457406,
    -177.108875,
    -40.490068,
    -2.04586
  ],
  "position_mm": [
    -253.676804,
    565.161072,
    6.457406
  ],
  "orientation_deg": [
    -177.108875,
    -40.490068,
    -2.04586
  ],
  "joint_angles_deg": [
    -232.248328,
    73.176222,
    -141.386217,
    -32.123051,
    93.870025,
    133.997181,
    0.0
  ],
  "linear_rail_mm": 429.0,
  "arm": "left"
}