{
  "pose": [
    317.270447,
    160.258316,
    478.85733,
    25.016541,
    -87.833456,
    151.675679
  ],
  "position_mm": [
    317.270447,
    160.258316,
    478.85733
  ],
  "orientation_deg": [
    25.016541,
    -87.833456,
    151.675679
  ],
  "joint_angles_deg": [
    66.188371,
    -66.101854,
    -18.783104,
    -93.99407,
    69.764945,
    95.266839,
    0.0
  ],
  "arm": "right"
}