{
  "pose": [
    -9.646839,
    -689.2052,
    397.095642,
    175.790098,
    -69.438016,
    -84.733181
  ],
  "position_mm": [
    -9.646839,
    -689.2052,
    397.095642
  ],
  "orientation_deg": [
    175.790098,
    -69.438016,
    -84.733181
  ],
  "joint_angles_deg": [
    -99.461634,
    11.313968,
    -87.925358,
    -127.420657,
    -12.09428,
    122.84748,
    0.0
  ],
  "linear_rail_mm": 0.0,
  "arm": "left"
}