{
  "pose": [
    239.497055,
    246.834122,
    286.567902,
    -171.932144,
    -33.99817,
    -71.057825
  ],
  "position_mm": [
    239.497055,
    246.834122,
    286.567902
  ],
  "orientation_deg": [
    -171.932144,
    -33.99817,
    -71.057825
  ],
  "joint_angles_deg": [
    67.917901,
    -13.67381,
    -59.960205,
    -28.087766,
    94.650279,
    139.48033,
    0.0
  ],
  "arm": "right"
}