{
  "pose": [
    -417.733124,
    600.954407,
    60.336899,
    -136.451732,
    -86.202474,
    31.000397
  ],
  "position_mm": [
    -417.733124,
    600.954407,
    60.336899
  ],
  "orientation_deg": [
    -136.451732,
    -86.202474,
    31.000397
  ],
  "joint_angles_deg": [
    -216.848941,
    62.787179,
    -102.037366,
    -105.203015,
    74.431629,
    144.937008,
    0.0
  ],
  "linear_rail_mm": 429.0,
  "arm": "left"
}