{
  "pose": [
    190.65332,
    -491.370361,
    -49.839176,
    -179.83157,
    1.4988,
    -92.954037
  ],
  "position_mm": [
    190.65332,
    -491.370361,
    -49.839176
  ],
  "orientation_deg": [
    -179.83157,
    1.4988,
    -92.954037
  ],
  "joint_angles_deg": [
    -69.247679,
    64.73747,
    -121.535464,
    -179.108669,
    -58.105827,
    203.228932,
    0.0
  ],
  "linear_rail_mm": 429.0,
  "arm": "left"
}