{
  "pose": [
    0.875015,
    428.896545,
    456.677643,
    178.89679,
    -23.563863,
    83.905544
  ],
  "position_mm": [
    0.875015,
    428.896545,
    456.677643
  ],
  "orientation_deg": [
    178.89679,
    -23.563863,
    83.905544
  ],
  "joint_angles_deg": [
    92.505526,
    -25.563429,
    -72.832218,
    -4.673903,
    75.267231,
    9.093929,
    0.0
  ],
  "arm": "right"
}