{
  "pose": [
    213.323563,
    225.981506,
    458.477051,
    0.694826,
    -80.294993,
    -148.469809
  ],
  "position_mm": [
    213.323563,
    225.981506,
    458.477051
  ],
  "orientation_deg": [
    0.694826,
    -80.294993,
    -148.469809
  ],
  "joint_angles_deg": [
    34.472464,
    -97.837872,
    -1.804817,
    -91.786578,
    2.206403,
    91.291772,
    0.0
  ],
  "arm": "right"
}