{
  "pose": [
    -345.301697,
    421.677307,
    114.870735,
    -151.685706,
    -21.259656,
    80.685521
  ],
  "position_mm": [
    -345.301697,
    421.677307,
    114.870735
  ],
  "orientation_deg": [
    -151.685706,
    -21.259656,
    80.685521
  ],
  "joint_angles_deg": [
    -238.246623,
    17.221049,
    -68.664007,
    -153.557101,
    -19.396455,
    193.115138,
    0.0
  ],
  "linear_rail_mm": 429.0,
  "arm": "left"
}