{
  "pose": [
    245.710068,
    -99.960617,
    845.174133,
    83.141218,
    -0.231074,
    93.709768
  ],
  "position_mm": [
    245.710068,
    -99.960617,
    845.174133
  ],
  "orientation_deg": [
    83.141218,
    -0.231074,
    93.709768
  ],
  "joint_angles_deg": [
    -107.926742,
    -46.698696,
    -79.306011,
    -251.349938,
    103.037063,
    219.697687,
    0.0
  ],
  "linear_rail_mm": 429.0,
  "arm": "left"
}