{
  "pose": [
    -344.90506,
    83.165085,
    141.263748,
    -175.755549,
    -53.380243,
    143.961662
  ],
  "position_mm": [
    -344.90506,
    83.165085,
    141.263748
  ],
  "orientation_deg": [
    -175.755549,
    -53.380243,
    143.961662
  ],
  "joint_angles_deg": [
    -194.723431,
    -41.104164,
    -5.283015,
    -114.721449,
    14.145984,
    128.246805,
    0.0
  ],
  "linear_rail_mm": 429.0,
  "arm": "left"
}