{
  "pose": [
    -3.063864,
    280.975861,
    426.929047,
    170.679372,
    -47.772362,
    100.941241
  ],
  "position_mm": [
    -3.063864,
    280.975861,
    426.929047
  ],
  "orientation_deg": [
    170.679372,
    -47.772362,
    100.941241
  ],
  "joint_angles_deg": [
    93.886182,
    -80.296769,
    -27.993629,
    -4.6994,
    60.04718,
    -2.396682,
    0.0
  ],
  "arm": "right"
}