{
  "pose": [
    -33.270985,
    -789.61969,
    292.192017,
    -33.055138,
    -88.51837,
    116.580525
  ],
  "position_mm": [
    -33.270985,
    -789.61969,
    292.192017
  ],
  "orientation_deg": [
    -33.055138,
    -88.51837,
    116.580525
  ],
  "joint_angles_deg": [
    -91.383617,
    30.602191,
    -87.358474,
    -171.046065,
    34.819104,
    173.327124,
    0.0
  ],
  "linear_rail_mm": 429.0,
  "arm": "left"
}