{
  "pose": [
    -19.349985,
    351.447266,
    321.30365,
    166.633831,
    -80.148831,
    91.326894
  ],
  "position_mm": [
    -19.349985,
    351.447266,
    321.30365
  ],
  "orientation_deg": [
    166.633831,
    -80.148831,
    91.326894
  ],
  "joint_angles_deg": [
    91.059609,
    -81.426298,
    2.203538,
    -94.018249,
    13.135688,
    94.078868,
    0.0
  ],
  "arm": "right"
}