{
  "pose": [
    119.233475,
    146.701553,
    435.516724,
    -179.998301,
    -0.001833,
    -3.520482
  ],
  "position_mm": [
    119.233475,
    146.701553,
    435.516724
  ],
  "orientation_deg": [
    -179.998301,
    -0.001833,
    -3.520482
  ],
  "joint_angles_deg": [
    50.897904,
    -47.153453,
    -65.77693,
    -0.000573,
    112.927919,
    54.418156,
    0.0
  ],
  "arm": "right"
}