{
  "pose": [
    111.009346,
    290.157654,
    165.401764,
    -179.993488,
    -0.004641,
    -1.967537
  ],
  "position_mm": [
    111.009346,
    290.157654,
    165.401764
  ],
  "orientation_deg": [
    -179.993488,
    -0.004641,
    -1.967537
  ],
  "joint_angles_deg": [
    69.06565,
    -31.022628,
    -29.002264,
    -0.002636,
    60.017214,
    71.034505,
    0.0
  ],
  "arm": "right"
}