{
  "pose": [
    72.106056,
    301.93222,
    262.273712,
    179.31247,
    0.197957,
    1.494102
  ],
  "position_mm": [
    72.106056,
    301.93222,
    262.273712
  ],
  "orientation_deg": [
    179.31247,
    0.197957,
    1.494102
  ],
  "joint_angles_deg": [
    76.557016,
    -33.705617,
    -43.354685,
    0.014381,
    77.77564,
    75.058617,
    0.0
  ],
  "arm": "right"
}