{
  "pose": [
    234.73735,
    132.607803,
    287.571991,
    179.998416,
    -0.000573,
    -2.954629
  ],
  "position_mm": [
    234.73735,
    132.607803,
    287.571991
  ],
  "orientation_deg": [
    179.998416,
    -0.000573,
    -2.954629
  ],
  "joint_angles_deg": [
    29.464584,
    -42.946854,
    -41.644578,
    -0.001662,
    84.591775,
    32.419327,
    0.0
  ],
  "arm": "right"
}