{
  "pose": [
    -116.338951,
    414.441406,
    173.060822,
    103.730858,
    -4.160189,
    91.467441
  ],
  "position_mm": [
    -116.338951,
    414.441406,
    173.060822
  ],
  "orientation_deg": [
    103.730858,
    -4.160189,
    91.467441
  ],
  "joint_angles_deg": [
    135.053314,
    34.420382,
    -81.921735,
    -49.155997,
    108.945289,
    59.247159,
    0.0
  ],
  "arm": "right",
  "end_effector": {
    "type": "xarm-gripper2",
    "position": 609.0
  }
}