{
  "pose": [
    -22.270956,
    166.843903,
    214.991943,
    -179.991483,
    0.000917,
    -0.663141
  ],
  "position_mm": [
    -22.270956,
    166.843903,
    214.991943
  ],
  "orientation_deg": [
    -179.991483,
    0.000917,
    -0.663141
  ],
  "joint_angles_deg": [
    97.603647,
    -70.842278,
    -18.419218,
    -0.000344,
    89.252902,
    98.266788,
    0.0
  ],
  "arm": "right"
}