{
  "pose": [
    -120.167694,
    -194.50029,
    159.591736,
    -85.700162,
    -7.667207,
    -132.221814
  ],
  "position_mm": [
    -120.167694,
    -194.50029,
    159.591736
  ],
  "orientation_deg": [
    -85.700162,
    -7.667207,
    -132.221814
  ],
  "joint_angles_deg": [
    -165.708848,
    10.171605,
    -23.016345,
    57.414668,
    101.339103,
    -86.862063,
    0.0
  ],
  "arm": "left",
  "end_effector": {
    "type": "zw-dm17",
    "angles": [
      0,
      0,
      0,
      36,
      0,
      0,
      917,
      0,
      0,
      276,
      485,
      0,
      268,
      251,
      0,
      0,
      0
    ]
  }
}