{
  "pose": [
    33.07851,
    448.482361,
    84.09668,
    108.580315,
    0.94687,
    91.899967
  ],
  "position_mm": [
    33.07851,
    448.482361,
    84.09668
  ],
  "orientation_deg": [
    108.580315,
    0.94687,
    91.899967
  ],
  "joint_angles_deg": [
    116.291525,
    32.820226,
    -65.885219,
    -59.566125,
    87.087522,
    59.247159,
    0.0
  ],
  "arm": "right",
  "end_effector": {
    "type": "xarm-gripper2",
    "position": 809.0
  }
}