{
  "pose": [
    18.11705,
    449.316437,
    74.218567,
    114.879127,
    0.106971,
    89.255595
  ],
  "position_mm": [
    18.11705,
    449.316437,
    74.218567
  ],
  "orientation_deg": [
    114.879127,
    0.106971,
    89.255595
  ],
  "joint_angles_deg": [
    115.765378,
    31.997115,
    -67.512992,
    -54.696213,
    83.871396,
    58.375748,
    0.0
  ],
  "arm": "right",
  "end_effector": {
    "type": "xarm-gripper2",
    "position": 251.0
  }
}