{
  "arm": "both",
  "right": {
    "pose": [
      11.594884,
      139.673752,
      317.328064,
      175.63729,
      -10.317595,
      104.866861
    ],
    "position_mm": [
      11.594884,
      139.673752,
      317.328064
    ],
    "orientation_deg": [
      175.63729,
      -10.317595,
      104.866861
    ],
    "joint_angles_deg": [
      87.497531,
      -81.1915,
      -31.392243,
      -1.127638,
      101.442693,
      -17.306763,
      0.0
    ],
    "end_effector": {
      "type": "xarm-gripper2",
      "position": 608.0
    }
  },
  "left": {
    "pose": [
      -120.163727,
      -194.499481,
      159.589111,
      -85.699475,
      -7.666233,
      -132.221986
    ],
    "position_mm": [
      -120.163727,
      -194.499481,
      159.589111
    ],
    "orientation_deg": [
      -85.699475,
      -7.666233,
      -132.221986
    ],
    "joint_angles_deg": [
      -165.708848,
      10.17235,
      -23.015944,
      57.414783,
      101.339103,
      -86.862063,
      0.0
    ],
    "end_effector": {
      "type": "zw-dm17",
      "angles": [
        0,
        0,
        0,
        36,
        0,
        0,
        917,
        0,
        0,
        276,
        485,
        0,
        268,
        251,
        0,
        0,
        0
      ]
    }
  }
}