{
  "pose": [
    16.671173,
    463.452454,
    77.705002,
    128.676179,
    -5.624956,
    84.804629
  ],
  "position_mm": [
    16.671173,
    463.452454,
    77.705002
  ],
  "orientation_deg": [
    128.676179,
    -5.624956,
    84.804629
  ],
  "joint_angles_deg": [
    110.675392,
    24.560065,
    -64.641786,
    -49.676358,
    73.022955,
    58.37082,
    0.0
  ],
  "arm": "right",
  "end_effector": {
    "type": "xarm-gripper2",
    "position": 37.0
  }
}