{
  "pose": [
    -58.574284,
    -622.218506,
    25.706579,
    4.314544,
    67.522217,
    -17.860699
  ],
  "position_mm": [
    -58.574284,
    -622.218506,
    25.706579
  ],
  "orientation_deg": [
    4.314544,
    67.522217,
    -17.860699
  ],
  "joint_angles_deg": [
    -112.765084,
    83.158235,
    -118.636985,
    103.278164,
    108.220383,
    39.447056,
    0.0
  ],
  "arm": "left",
  "end_effector": {
    "type": "zw-dm17",
    "angles": [
      91,
      23,
      468,
      0,
      0,
      774,
      127,
      0,
      0,
      0,
      0,
      0,
      0,
      0,
      0,
      835,
      0
    ]
  }
}