{
  "pose": [
    299.90976,
    76.716034,
    393.630676,
    -178.271062,
    -0.605445,
    -11.201439
  ],
  "position_mm": [
    299.90976,
    76.716034,
    393.630676
  ],
  "orientation_deg": [
    -178.271062,
    -0.605445,
    -11.201439
  ],
  "joint_angles_deg": [
    13.16021,
    -31.164492,
    -66.533979,
    1.333617,
    96.431948,
    24.51652,
    0.0
  ],
  "arm": "right"
}