{
  "pose": [
    120.205063,
    493.528137,
    425.498322,
    -43.601916,
    -86.94795,
    -61.931237
  ],
  "position_mm": [
    120.205063,
    493.528137,
    425.498322
  ],
  "orientation_deg": [
    -43.601916,
    -86.94795,
    -61.931237
  ],
  "joint_angles_deg": [
    76.6739,
    -33.488295,
    -36.713646,
    -174.025445,
    22.118004,
    176.481429,
    0.0
  ],
  "arm": "right"
}