{
  "pose": [
    25.688234,
    -483.357361,
    385.942963,
    -92.844831,
    -6.781872,
    -101.316299
  ],
  "position_mm": [
    25.688234,
    -483.357361,
    385.942963
  ],
  "orientation_deg": [
    -92.844831,
    -6.781872,
    -101.316299
  ],
  "joint_angles_deg": [
    -108.997142,
    4.199723,
    -62.827401,
    83.746491,
    94.781601,
    -38.605209,
    0.0
  ],
  "arm": "left"
}