{
  "arm": "both",
  "right": {
    "pose": [
      29.453363,
      546.563477,
      404.998474,
      -2.606614,
      -88.974616,
      -123.553765
    ],
    "position_mm": [
      29.453363,
      546.563477,
      404.998474
    ],
    "orientation_deg": [
      -2.606614,
      -88.974616,
      -123.553765
    ],
    "joint_angles_deg": [
      105.470644,
      -16.55023,
      -42.73102,
      -112.97811,
      58.371794,
      127.711433,
      0.0
    ]
  },
  "left": {
    "pose": [
      -1.001678,
      -430.106476,
      355.60614,
      -93.308297,
      7.66056,
      -92.329456
    ],
    "position_mm": [
      -1.001678,
      -430.106476,
      355.60614
    ],
    "orientation_deg": [
      -93.308297,
      7.66056,
      -92.329456
    ],
    "joint_angles_deg": [
      -115.374047,
      5.10534,
      -60.107054,
      73.280328,
      107.04496,
      -30.52977,
      0.0
    ]
  }
}