{
  "pose": [
    297.120117,
    327.603638,
    454.702454,
    12.397489,
    -87.33653,
    163.643966
  ],
  "position_mm": [
    297.120117,
    327.603638,
    454.702454
  ],
  "orientation_deg": [
    12.397489,
    -87.33653,
    163.643966
  ],
  "joint_angles_deg": [
    85.294565,
    -23.570051,
    -41.421411,
    -92.678559,
    90.411422,
    114.443908,
    0.0
  ],
  "arm": "right"
}