{
  "pose": [
    -29.77742,
    -423.028351,
    357.198639,
    -91.97067,
    18.255467,
    -95.285173
  ],
  "position_mm": [
    -29.77742,
    -423.028351,
    357.198639
  ],
  "orientation_deg": [
    -91.97067,
    18.255467,
    -95.285173
  ],
  "joint_angles_deg": [
    -119.739241,
    5.092048,
    -59.694009,
    73.279927,
    109.045442,
    -20.372947,
    0.0
  ],
  "arm": "left"
}