{
  "pose": [
    333.861938,
    330.502014,
    448.464294,
    -142.483832,
    -88.482732,
    -39.938883
  ],
  "position_mm": [
    333.861938,
    330.502014,
    448.464294
  ],
  "orientation_deg": [
    -142.483832,
    -88.482732,
    -39.938883
  ],
  "joint_angles_deg": [
    76.99447,
    -23.800208,
    -42.868129,
    -93.116241,
    79.80076,
    114.422365,
    0.0
  ],
  "arm": "right"
}