{
  "arm": "both",
  "right": {
    "pose": [
      147.272339,
      590.345215,
      422.419739,
      -93.965136,
      -87.983685,
      -11.990975
    ],
    "position_mm": [
      147.272339,
      590.345215,
      422.419739
    ],
    "orientation_deg": [
      -93.965136,
      -87.983685,
      -11.990975
    ],
    "joint_angles_deg": [
      76.297753,
      -12.006846,
      -55.78827,
      -174.025502,
      22.174269,
      176.481543,
      0.0
    ]
  },
  "left": {
    "pose": [
      35.928856,
      -373.757874,
      362.663635,
      -90.38965,
      -0.529585,
      -100.653272
    ],
    "position_mm": [
      35.928856,
      -373.757874,
      362.663635
    ],
    "orientation_deg": [
      -90.38965,
      -0.529585,
      -100.653272
    ],
    "joint_angles_deg": [
      -114.161325,
      -12.663284,
      -40.095701,
      81.418449,
      100.473822,
      -38.60475,
      0.0
    ]
  }
}