{
  "pose": [
    252.618591,
    327.747986,
    484.81543,
    17.495152,
    -89.11035,
    158.426612
  ],
  "position_mm": [
    252.618591,
    327.747986,
    484.81543
  ],
  "orientation_deg": [
    17.495152,
    -89.11035,
    158.426612
  ],
  "joint_angles_deg": [
    94.388265,
    -25.152332,
    -45.390576,
    -87.969533,
    98.262491,
    109.273537,
    0.0
  ],
  "arm": "right"
}