{
  "pose": [
    -125.597717,
    -373.843445,
    362.475677,
    -91.662304,
    19.798385,
    -102.42142
  ],
  "position_mm": [
    -125.597717,
    -373.843445,
    362.475677
  ],
  "orientation_deg": [
    -91.662304,
    19.798385,
    -102.42142
  ],
  "joint_angles_deg": [
    -135.463094,
    4.264582,
    -59.71475,
    68.007913,
    116.116715,
    -20.377015,
    0.0
  ],
  "arm": "left"
}