{
  "pose": [
    32.114014,
    -489.560516,
    394.992126,
    -93.613454,
    3.77138,
    -101.774436
  ],
  "position_mm": [
    32.114014,
    -489.560516,
    394.992126
  ],
  "orientation_deg": [
    -93.613454,
    3.77138,
    -101.774436
  ],
  "joint_angles_deg": [
    -107.820573,
    4.192504,
    -64.450876,
    83.74122,
    93.649551,
    -26.360356,
    0.0
  ],
  "arm": "left"
}