{
  "pose": [
    334.053589,
    327.372314,
    437.32373,
    163.12498,
    -88.479752,
    14.304522
  ],
  "position_mm": [
    334.053589,
    327.372314,
    437.32373
  ],
  "orientation_deg": [
    163.12498,
    -88.479752,
    14.304522
  ],
  "joint_angles_deg": [
    76.866414,
    -23.771904,
    -41.508099,
    -93.118018,
    79.805229,
    114.422365,
    0.0
  ],
  "arm": "right"
}