{
  "pose": [
    136.393173,
    739.374023,
    238.319031,
    90.041292,
    -3.286887,
    170.243752
  ],
  "position_mm": [
    136.393173,
    739.374023,
    238.319031
  ],
  "orientation_deg": [
    90.041292,
    -3.286887,
    170.243752
  ],
  "joint_angles_deg": [
    79.051159,
    47.213842,
    -77.068095,
    -1.378365,
    -60.111695,
    -86.027035,
    0.0
  ],
  "arm": "right"
}