{
  "pose": [
    54.954571,
    -500.067505,
    398.011047,
    -95.796595,
    2.140971,
    -101.867828
  ],
  "position_mm": [
    54.954571,
    -500.067505,
    398.011047
  ],
  "orientation_deg": [
    -95.796595,
    2.140971,
    -101.867828
  ],
  "joint_angles_deg": [
    -104.10116,
    4.192905,
    -65.770971,
    83.741391,
    89.391271,
    -26.3607,
    0.0
  ],
  "arm": "left"
}