{
  "arm": "both",
  "right": {
    "pose": [
      111.824638,
      676.364319,
      374.870636,
      3.793324,
      -84.986772,
      -124.05304
    ],
    "position_mm": [
      111.824638,
      676.364319,
      374.870636
    ],
    "orientation_deg": [
      3.793324,
      -84.986772,
      -124.05304
    ],
    "joint_angles_deg": [
      88.664703,
      7.839495,
      -63.955726,
      -139.232067,
      47.519802,
      146.699426,
      0.0
    ]
  },
  "left": {
    "pose": [
      -1.002854,
      -430.106445,
      355.611359,
      -93.309214,
      7.659357,
      -92.330143
    ],
    "position_mm": [
      -1.002854,
      -430.106445,
      355.611359
    ],
    "orientation_deg": [
      -93.309214,
      7.659357,
      -92.330143
    ],
    "joint_angles_deg": [
      -115.374162,
      5.104366,
      -60.107054,
      73.280213,
      107.04433,
      -30.530113,
      0.0
    ]
  }
}