{
  "pose": [
    -23.928669,
    -428.927856,
    355.995239,
    -93.177892,
    7.671561,
    -95.250738
  ],
  "position_mm": [
    -23.928669,
    -428.927856,
    355.995239
  ],
  "orientation_deg": [
    -93.177892,
    7.671561,
    -95.250738
  ],
  "joint_angles_deg": [
    -118.476442,
    5.101845,
    -60.103674,
    73.280557,
    107.253918,
    -30.528796,
    0.0
  ],
  "arm": "left"
}