{
  "pose": [
    135.023849,
    693.295471,
    236.0448,
    90.93522,
    -3.413683,
    169.639682
  ],
  "position_mm": [
    135.023849,
    693.295471,
    236.0448
  ],
  "orientation_deg": [
    90.93522,
    -3.413683,
    169.639682
  ],
  "joint_angles_deg": [
    78.438323,
    41.014267,
    -64.80909,
    -1.38375,
    -65.277712,
    -86.02755,
    0.0
  ],
  "arm": "right"
}