{
  "arm": "both",
  "right": {
    "pose": [
      5.335994,
      187.938354,
      269.765686,
      178.780766,
      -13.55452,
      93.559252
    ],
    "position_mm": [
      5.335994,
      187.938354,
      269.765686
    ],
    "orientation_deg": [
      178.780766,
      -13.55452,
      93.559252
    ],
    "joint_angles_deg": [
      88.375245,
      -79.596271,
      -21.56573,
      -0.001089,
      87.553795,
      -5.039221,
      0.0
    ],
    "end_effector": {
      "type": "xarm-gripper2",
      "position": 130.0
    }
  },
  "left": {
    "pose": [
      146.110916,
      -223.183533,
      335.288116,
      -90.628459,
      -3.552625,
      -88.323851
    ],
    "position_mm": [
      146.110916,
      -223.183533,
      335.288116
    ],
    "orientation_deg": [
      -90.628459,
      -3.552625,
      -88.323851
    ],
    "joint_angles_deg": [
      -100.944163,
      -43.606729,
      -12.085055,
      82.308023,
      100.005715,
      -38.604521,
      0.0
    ],
    "end_effector": {
      "type": "zw-dm17",
      "angles": [
        302,
        754,
        591,
        1000,
        861,
        0,
        19,
        978,
        0,
        931,
        810,
        0,
        831,
        163,
        127,
        112,
        999
      ]
    }
  }
}