{
  "pose": [
    130.301834,
    547.621094,
    142.113998,
    -179.997671,
    0.008709,
    91.030045
  ],
  "position_mm": [
    130.301834,
    547.621094,
    142.113998
  ],
  "orientation_deg": [
    -179.997671,
    0.008709,
    91.030045
  ],
  "joint_angles_deg": [
    76.615802,
    20.828677,
    -81.063387,
    0.000115,
    60.243762,
    -14.4143,
    0.0
  ],
  "arm": "right"
}