{
  "pose": [
    -51.8232,
    -448.935455,
    393.469238,
    -92.578807,
    -6.579446,
    -106.698836
  ],
  "position_mm": [
    -51.8232,
    -448.935455,
    393.469238
  ],
  "orientation_deg": [
    -92.578807,
    -6.579446,
    -106.698836
  ],
  "joint_angles_deg": [
    -120.797437,
    0.817038,
    -59.971206,
    80.601525,
    100.469524,
    -38.605094,
    0.0
  ],
  "arm": "left"
}