{
  "pose": [
    249.204865,
    328.108246,
    451.634247,
    18.214557,
    -87.534773,
    158.220576
  ],
  "position_mm": [
    249.204865,
    328.108246,
    451.634247
  ],
  "orientation_deg": [
    18.214557,
    -87.534773,
    158.220576
  ],
  "joint_angles_deg": [
    95.096326,
    -23.737412,
    -41.013408,
    -88.427842,
    98.816656,
    114.422365,
    0.0
  ],
  "arm": "right"
}