{
  "pose": [
    0.27165,
    -397.092957,
    226.981598,
    -88.387735,
    4.162538,
    -80.571502
  ],
  "position_mm": [
    0.27165,
    -397.092957,
    226.981598
  ],
  "orientation_deg": [
    -88.387735,
    4.162538,
    -80.571502
  ],
  "joint_angles_deg": [
    -115.355369,
    22.105915,
    -59.62766,
    62.17864,
    111.62656,
    -53.228982,
    0.0
  ],
  "arm": "left"
}