{
  "arm": "both",
  "right": {
    "pose": [
      118.147949,
      643.705444,
      226.876801,
      100.666737,
      -0.364172,
      173.970327
    ],
    "position_mm": [
      118.147949,
      643.705444,
      226.876801
    ],
    "orientation_deg": [
      100.666737,
      -0.364172,
      173.970327
    ],
    "joint_angles_deg": [
      75.60986,
      28.089428,
      -49.471009,
      -9.756956,
      -58.213142,
      -86.0248,
      0.0
    ]
  },
  "left": {
    "pose": [
      13.224697,
      -338.191162,
      263.200287,
      -89.46249,
      3.501918,
      -81.008325
    ],
    "position_mm": [
      13.224697,
      -338.191162,
      263.200287
    ],
    "orientation_deg": [
      -89.46249,
      3.501918,
      -81.008325
    ],
    "joint_angles_deg": [
      -117.455489,
      7.434987,
      -46.497129,
      60.515115,
      112.416153,
      -53.228868,
      0.0
    ]
  }
}