{
  "pose": [
    333.136963,
    325.668396,
    443.842072,
    25.458921,
    -86.149934,
    151.299533
  ],
  "position_mm": [
    333.136963,
    325.668396,
    443.842072
  ],
  "orientation_deg": [
    25.458921,
    -86.149934,
    151.299533
  ],
  "joint_angles_deg": [
    77.799819,
    -22.654809,
    -40.212355,
    -97.239647,
    83.601017,
    116.154932,
    0.0
  ],
  "arm": "right"
}