{
  "pose": [
    333.291748,
    326.748352,
    459.604279,
    -5.992566,
    -86.18626,
    -177.299269
  ],
  "position_mm": [
    333.291748,
    326.748352,
    459.604279
  ],
  "orientation_deg": [
    -5.992566,
    -86.18626,
    -177.299269
  ],
  "joint_angles_deg": [
    77.8087,
    -23.170299,
    -41.774296,
    -97.237813,
    83.591448,
    116.154702,
    0.0
  ],
  "arm": "right"
}