{
  "pose": [
    257.978729,
    329.149353,
    435.750854,
    36.21861,
    -88.138441,
    139.036059
  ],
  "position_mm": [
    257.978729,
    329.149353,
    435.750854
  ],
  "orientation_deg": [
    36.21861,
    -88.138441,
    139.036059
  ],
  "joint_angles_deg": [
    93.323022,
    -21.703469,
    -41.097117,
    -87.644838,
    97.848185,
    116.155046,
    0.0
  ],
  "arm": "right"
}