{
  "arm": "both",
  "right": {
    "pose": [
      134.756958,
      737.761475,
      196.325989,
      93.102662,
      -3.348537,
      170.165257
    ],
    "position_mm": [
      134.756958,
      737.761475,
      196.325989
    ],
    "orientation_deg": [
      93.102662,
      -3.348537,
      170.165257
    ],
    "joint_angles_deg": [
      79.151083,
      50.664309,
      -77.410322,
      -1.376245,
      -60.16309,
      -86.026347,
      0.0
    ]
  },
  "left": {
    "pose": [
      21.341524,
      -341.663849,
      151.20459,
      -88.877041,
      6.288842,
      -79.980668
    ],
    "position_mm": [
      21.341524,
      -341.663849,
      151.20459
    ],
    "orientation_deg": [
      -88.877041,
      6.288842,
      -79.980668
    ],
    "joint_angles_deg": [
      -114.635849,
      25.585946,
      -49.566808,
      58.23841,
      104.367929,
      -63.489568,
      0.0
    ]
  }
}