{
  "pose": [
    268.3125,
    -449.499695,
    269.024536,
    157.299031,
    2.151858,
    121.508993
  ],
  "position_mm": [
    268.3125,
    -449.499695,
    269.024536
  ],
  "orientation_deg": [
    157.299031,
    2.151858,
    121.508993
  ],
  "joint_angles_deg": [
    -69.904575,
    9.434953,
    -84.096052,
    23.161933,
    78.289984,
    162.664208,
    0.0
  ],
  "linear_rail_mm": -7.0,
  "arm": "left"
}