{
  "pose": [
    -16.790056,
    -358.269714,
    123.470695,
    179.489916,
    1.722139,
    86.935115
  ],
  "position_mm": [
    -16.790056,
    -358.269714,
    123.470695
  ],
  "orientation_deg": [
    179.489916,
    1.722139,
    86.935115
  ],
  "joint_angles_deg": [
    -92.965554,
    -17.752582,
    -31.617931,
    0.686174,
    47.649577,
    179.637051,
    0.0
  ],
  "linear_rail_mm": -7.0,
  "arm": "left"
}