{
  "pose": [
    -20.125154,
    -362.645691,
    294.796875,
    -177.671691,
    -0.117514,
    89.785237
  ],
  "position_mm": [
    -20.125154,
    -362.645691,
    294.796875
  ],
  "orientation_deg": [
    -177.671691,
    -0.117514,
    89.785237
  ],
  "joint_angles_deg": [
    -91.539748,
    -23.323851,
    -56.251564,
    -2.369009,
    79.647665,
    179.099903,
    0.0
  ],
  "linear_rail_mm": -7.0,
  "arm": "left"
}