{
  "pose": [
    192.365692,
    539.475952,
    506.332245,
    34.035641,
    -89.055117,
    150.730643
  ],
  "position_mm": [
    192.365692,
    539.475952,
    506.332245
  ],
  "orientation_deg": [
    34.035641,
    -89.055117,
    150.730643
  ],
  "joint_angles_deg": [
    98.940357,
    9.294751,
    -83.885147,
    -89.64681,
    94.228524,
    104.865257,
    0.0
  ],
  "arm": "right"
}