{
  "pose": [
    61.437775,
    -350.218384,
    428.592285,
    176.557116,
    1.16087,
    99.517097
  ],
  "position_mm": [
    61.437775,
    -350.218384,
    428.592285
  ],
  "orientation_deg": [
    176.557116,
    1.16087,
    99.517097
  ],
  "joint_angles_deg": [
    -82.822195,
    -19.868572,
    -81.394327,
    3.543744,
    100.224413,
    178.286704,
    0.0
  ],
  "linear_rail_mm": -7.0,
  "arm": "left"
}