{
  "pose": [
    131.74913,
    -245.834091,
    226.102173,
    175.333794,
    -0.143927,
    88.158667
  ],
  "position_mm": [
    131.74913,
    -245.834091,
    226.102173
  ],
  "orientation_deg": [
    175.333794,
    -0.143927,
    88.158667
  ],
  "joint_angles_deg": [
    -65.538923,
    -43.586733,
    -30.693807,
    4.455148,
    72.388175,
    205.029796,
    0.0
  ],
  "linear_rail_mm": -7.0,
  "arm": "left"
}