{
  "pose": [
    101.095245,
    -458.581451,
    -38.818741,
    179.514782,
    -0.400555,
    86.950413
  ],
  "position_mm": [
    101.095245,
    -458.581451,
    -38.818741
  ],
  "orientation_deg": [
    179.514782,
    -0.400555,
    86.950413
  ],
  "joint_angles_deg": [
    -77.715766,
    25.473875,
    -52.391261,
    1.256382,
    27.180946,
    194.216535,
    0.0
  ],
  "linear_rail_mm": -7.0,
  "arm": "left"
}