{
  "pose": [
    173.921783,
    393.345367,
    421.05304,
    14.079005,
    -87.848296,
    164.095915
  ],
  "position_mm": [
    173.921783,
    393.345367,
    421.05304
  ],
  "orientation_deg": [
    14.079005,
    -87.848296,
    164.095915
  ],
  "joint_angles_deg": [
    106.26293,
    -7.489704,
    -52.251402,
    -82.515262,
    106.631456,
    120.498697,
    0.0
  ],
  "arm": "right"
}