{
  "pose": [
    -61.055092,
    438.095673,
    482.363129,
    43.532417,
    -85.566778,
    -130.571524
  ],
  "position_mm": [
    -61.055092,
    438.095673,
    482.363129
  ],
  "orientation_deg": [
    43.532417,
    -85.566778,
    -130.571524
  ],
  "joint_angles_deg": [
    96.461627,
    -49.07034,
    -35.404781,
    -158.597239,
    9.379606,
    155.609665,
    0.0
  ],
  "arm": "right"
}