{
  "pose": [
    53.101704,
    -389.021545,
    453.90448,
    175.581541,
    -0.184263,
    94.840329
  ],
  "position_mm": [
    53.101704,
    -389.021545,
    453.90448
  ],
  "orientation_deg": [
    175.581541,
    -0.184263,
    94.840329
  ],
  "joint_angles_deg": [
    -85.490746,
    -9.170533,
    -96.265619,
    4.586584,
    105.598299,
    180.903632,
    0.0
  ],
  "linear_rail_mm": -7.0,
  "arm": "left"
}