{
  "pose": [
    -8.17452,
    761.844543,
    268.767883,
    86.562406,
    -88.490467,
    -177.62299
  ],
  "position_mm": [
    -8.17452,
    761.844543,
    268.767883
  ],
  "orientation_deg": [
    86.562406,
    -88.490467,
    -177.62299
  ],
  "joint_angles_deg": [
    91.109285,
    26.887706,
    -78.436146,
    -176.522051,
    38.593635,
    175.770159,
    0.0
  ],
  "arm": "right"
}