{
  "pose": [
    308.668365,
    676.520874,
    309.330353,
    44.536697,
    -87.298829,
    155.985296
  ],
  "position_mm": [
    308.668365,
    676.520874,
    309.330353
  ],
  "orientation_deg": [
    44.536697,
    -87.298829,
    155.985296
  ],
  "joint_angles_deg": [
    81.719251,
    33.956229,
    -90.174447,
    -108.675655,
    67.545479,
    126.120387,
    0.0
  ],
  "arm": "right"
}