{
  "pose": [
    308.674255,
    676.507568,
    416.094055,
    44.499455,
    -87.295563,
    156.019215
  ],
  "position_mm": [
    308.674255,
    676.507568,
    416.094055
  ],
  "orientation_deg": [
    44.499455,
    -87.295563,
    156.019215
  ],
  "joint_angles_deg": [
    81.220033,
    27.064177,
    -95.127782,
    -103.805858,
    63.797074,
    113.772745,
    0.0
  ],
  "arm": "right"
}