{
  "pose": [
    250.46553,
    -30.616325,
    757.540588,
    7.888311,
    -86.573636,
    172.273512
  ],
  "position_mm": [
    250.46553,
    -30.616325,
    757.540588
  ],
  "orientation_deg": [
    7.888311,
    -86.573636,
    172.273512
  ],
  "joint_angles_deg": [
    -21.169244,
    -70.19558,
    -55.207406,
    36.536143,
    37.613018,
    -29.555627,
    0.0
  ],
  "arm": "right"
}