{
  "pose": [
    160.945618,
    203.481201,
    261.843384,
    101.499187,
    -88.531892,
    73.905654
  ],
  "position_mm": [
    160.945618,
    203.481201,
    261.843384
  ],
  "orientation_deg": [
    101.499187,
    -88.531892,
    73.905654
  ],
  "joint_angles_deg": [
    120.801505,
    -21.770162,
    -15.950286,
    -60.491051,
    110.509808,
    146.390086,
    0.0
  ],
  "arm": "right"
}