{
  "pose": [
    94.091248,
    282.844299,
    403.826782,
    7.625724,
    -87.026044,
    170.89297
  ],
  "position_mm": [
    94.091248,
    282.844299,
    403.826782
  ],
  "orientation_deg": [
    7.625724,
    -87.026044,
    170.89297
  ],
  "joint_angles_deg": [
    127.836911,
    -18.625769,
    -39.112448,
    -69.155548,
    124.224068,
    127.296039,
    0.0
  ],
  "arm": "right"
}