{
  "pose": [
    213.859894,
    -36.580387,
    764.9823,
    27.812231,
    -87.892012,
    143.797796
  ],
  "position_mm": [
    213.859894,
    -36.580387,
    764.9823
  ],
  "orientation_deg": [
    27.812231,
    -87.892012,
    143.797796
  ],
  "joint_angles_deg": [
    -15.57368,
    -73.684206,
    -57.22055,
    11.33809,
    39.579008,
    -9.533617,
    0.0
  ],
  "arm": "right"
}