{
  "pose": [
    113.992683,
    0.640175,
    783.002747,
    45.988744,
    -88.04568,
    124.186081
  ],
  "position_mm": [
    113.992683,
    0.640175,
    783.002747
  ],
  "orientation_deg": [
    45.988744,
    -88.04568,
    124.186081
  ],
  "joint_angles_deg": [
    -20.27308,
    -80.059565,
    -68.340572,
    12.413761,
    57.635372,
    -7.875248,
    0.0
  ],
  "arm": "right"
}