{
  "pose": [
    4.003828,
    175.124832,
    553.260864,
    179.755367,
    -31.006471,
    88.833554
  ],
  "position_mm": [
    4.003828,
    175.124832,
    553.260864
  ],
  "orientation_deg": [
    179.755367,
    -31.006471,
    88.833554
  ],
  "joint_angles_deg": [
    90.449696,
    -60.918649,
    -72.778474,
    -1.104032,
    102.704346,
    1.142592,
    0.0
  ],
  "arm": "right",
  "end_effector": {
    "type": "xarm-gripper2",
    "position": 844.0
  }
}