{
  "pose": [
    0.45662,
    313.732178,
    641.281372,
    136.452076,
    -87.370162,
    126.102224
  ],
  "position_mm": [
    0.45662,
    313.732178,
    641.281372
  ],
  "orientation_deg": [
    136.452076,
    -87.370162,
    126.102224
  ],
  "joint_angles_deg": [
    92.932265,
    -73.821658,
    -35.058886,
    -27.317482,
    23.168752,
    23.938979,
    0.0
  ],
  "arm": "right"
}