{
  "pose": [
    85.306046,
    134.786179,
    199.3582,
    95.184848,
    -87.732959,
    61.819052
  ],
  "position_mm": [
    85.306046,
    134.786179,
    199.3582
  ],
  "orientation_deg": [
    95.184848,
    -87.732959,
    61.819052
  ],
  "joint_angles_deg": [
    127.079976,
    1.797483,
    -27.385606,
    -32.4894,
    111.784123,
    164.327791,
    0.0
  ],
  "arm": "right"
}