{
  "pose": [
    242.342606,
    -28.460115,
    772.764893,
    10.174069,
    -84.955833,
    169.810825
  ],
  "position_mm": [
    242.342606,
    -28.460115,
    772.764893
  ],
  "orientation_deg": [
    10.174069,
    -84.955833,
    169.810825
  ],
  "joint_angles_deg": [
    -21.272491,
    -69.836794,
    -57.079373,
    36.5358,
    37.428984,
    -29.432727,
    0.0
  ],
  "arm": "right"
}