{
  "pose": [
    250.624496,
    -31.404539,
    760.960693,
    6.234125,
    -86.387597,
    173.786293
  ],
  "position_mm": [
    250.624496,
    -31.404539,
    760.960693
  ],
  "orientation_deg": [
    6.234125,
    -86.387597,
    173.786293
  ],
  "joint_angles_deg": [
    -21.272491,
    -69.746496,
    -55.786265,
    36.5358,
    37.525699,
    -29.432727,
    0.0
  ],
  "arm": "right"
}