{
  "pose": [
    115.455315,
    -6.408395,
    576.055664,
    179.038024,
    -41.894273,
    0.754242
  ],
  "position_mm": [
    115.455315,
    -6.408395,
    576.055664
  ],
  "orientation_deg": [
    179.038024,
    -41.894273,
    0.754242
  ],
  "joint_angles_deg": [
    3.117234,
    -72.955461,
    -71.614625,
    -2.603119,
    102.716894,
    1.187054,
    0.0
  ],
  "arm": "right"
}