{
  "pose": [
    10.734755,
    138.175186,
    297.924347,
    179.009662,
    -3.762041,
    86.401405
  ],
  "position_mm": [
    10.734755,
    138.175186,
    297.924347
  ],
  "orientation_deg": [
    179.009662,
    -3.762041,
    86.401405
  ],
  "joint_angles_deg": [
    87.78888,
    -75.36641,
    -30.969457,
    -1.107757,
    102.596573,
    1.143108,
    0.0
  ],
  "arm": "right"
}