{
  "pose": [
    120.773087,
    -309.0755,
    34.930546,
    -151.034769,
    5.51575,
    -77.233049
  ],
  "position_mm": [
    120.773087,
    -309.0755,
    34.930546
  ],
  "orientation_deg": [
    -151.034769,
    5.51575,
    -77.233049
  ],
  "joint_angles_deg": [
    -85.070883,
    -0.019996,
    -30.845641,
    39.160978,
    47.863175,
    -37.489832,
    0.0
  ],
  "linear_rail_mm": 0.0,
  "arm": "left"
}