{
  "pose": [
    11.559542,
    -155.572906,
    310.239746,
    178.169706,
    9.605466,
    92.3942
  ],
  "position_mm": [
    11.559542,
    -155.572906,
    310.239746
  ],
  "orientation_deg": [
    178.169706,
    9.605466,
    92.3942
  ],
  "joint_angles_deg": [
    -89.655118,
    -77.086888,
    -30.999996,
    2.195402,
    98.545819,
    178.304351,
    0.0
  ],
  "linear_rail_mm": -7.0,
  "arm": "left"
}