{
  "pose": [
    246.961929,
    -244.939545,
    182.305359,
    179.094861,
    0.580005,
    -0.820017
  ],
  "position_mm": [
    246.961929,
    -244.939545,
    182.305359
  ],
  "orientation_deg": [
    179.094861,
    0.580005,
    -0.820017
  ],
  "joint_angles_deg": [
    -44.07581,
    -23.909471,
    -37.176309,
    -1.209399,
    60.893267,
    -42.673897,
    0.0
  ],
  "linear_rail_mm": 0.0,
  "arm": "left"
}