{
  "pose": [
    165.907776,
    -589.217346,
    -28.060158,
    177.008779,
    -0.374944,
    -178.996083
  ],
  "position_mm": [
    165.907776,
    -589.217346,
    -28.060158
  ],
  "orientation_deg": [
    177.008779,
    -0.374944,
    -178.996083
  ],
  "joint_angles_deg": [
    -74.405674,
    47.508801,
    -94.832193,
    0.50787,
    50.313716,
    104.265714,
    0.0
  ],
  "linear_rail_mm": 0.0,
  "arm": "left"
}