{
  "pose": [
    197.413361,
    -323.156158,
    275.067078,
    178.14822,
    -0.354317,
    -90.565663
  ],
  "position_mm": [
    197.413361,
    -323.156158,
    275.067078
  ],
  "orientation_deg": [
    178.14822,
    -0.354317,
    -90.565663
  ],
  "joint_angles_deg": [
    -57.423778,
    -19.610913,
    -56.322954,
    -1.792556,
    76.656195,
    33.572347,
    0.0
  ],
  "linear_rail_mm": 0.0,
  "arm": "left"
}