{
  "pose": [
    107.223831,
    -317.031555,
    191.592621,
    -161.486493,
    -9.178154,
    -64.840087
  ],
  "position_mm": [
    107.223831,
    -317.031555,
    191.592621
  ],
  "orientation_deg": [
    -161.486493,
    -9.178154,
    -64.840087
  ],
  "joint_angles_deg": [
    -85.148518,
    -30.139757,
    -31.634031,
    23.390544,
    61.925737,
    -32.963293,
    0.0
  ],
  "linear_rail_mm": 0.0,
  "arm": "left"
}