{
  "pose": [
    61.049953,
    -539.689392,
    277.374756,
    178.83978,
    -1.100308,
    -91.02019
  ],
  "position_mm": [
    61.049953,
    -539.689392,
    277.374756
  ],
  "orientation_deg": [
    178.83978,
    -1.100308,
    -91.02019
  ],
  "joint_angles_deg": [
    -82.938964,
    12.063512,
    -91.110832,
    -1.331898,
    78.124113,
    8.355959,
    0.0
  ],
  "linear_rail_mm": 0.0,
  "arm": "left"
}