{
  "pose": [
    244.818985,
    633.443542,
    547.803833,
    156.673819,
    -87.05091,
    52.293571
  ],
  "position_mm": [
    244.818985,
    633.443542,
    547.803833
  ],
  "orientation_deg": [
    156.673819,
    -87.05091,
    52.293571
  ],
  "joint_angles_deg": [
    83.933046,
    7.522134,
    -89.494289,
    -92.326877,
    54.969342,
    96.739569,
    0.0
  ],
  "arm": "right"
}