{
  "pose": [
    176.297485,
    529.726318,
    278.808533,
    59.698879,
    -88.995071,
    114.162471
  ],
  "position_mm": [
    176.297485,
    529.726318,
    278.808533
  ],
  "orientation_deg": [
    59.698879,
    -88.995071,
    114.162471
  ],
  "joint_angles_deg": [
    101.049071,
    31.768046,
    -82.779624,
    -79.387829,
    103.603145,
    129.313423,
    0.0
  ],
  "arm": "right"
}