{
  "pose": [
    215.735855,
    138.271835,
    586.043945,
    107.600958,
    -85.156998,
    72.260349
  ],
  "position_mm": [
    215.735855,
    138.271835,
    586.043945
  ],
  "orientation_deg": [
    107.600958,
    -85.156998,
    72.260349
  ],
  "joint_angles_deg": [
    129.568389,
    -65.481284,
    -35.601879,
    -97.25844,
    129.229427,
    72.238977,
    0.0
  ],
  "arm": "right"
}