{
  "pose": [
    146.065689,
    -44.671295,
    761.027222,
    -21.868252,
    -81.902197,
    163.565929
  ],
  "position_mm": [
    146.065689,
    -44.671295,
    761.027222
  ],
  "orientation_deg": [
    -21.868252,
    -81.902197,
    163.565929
  ],
  "joint_angles_deg": [
    -75.93805,
    -87.262733,
    -57.193736,
    46.87087,
    55.667605,
    -22.302554,
    0.0
  ],
  "arm": "right"
}