{
  "pose": [
    164.561066,
    -593.086426,
    269.140472,
    178.585502,
    -1.342039,
    -93.431712
  ],
  "position_mm": [
    164.561066,
    -593.086426,
    269.140472
  ],
  "orientation_deg": [
    178.585502,
    -1.342039,
    -93.431712
  ],
  "joint_angles_deg": [
    -73.733538,
    29.892068,
    -115.321163,
    -1.791868,
    84.64506,
    19.869775,
    0.0
  ],
  "linear_rail_mm": 0.0,
  "arm": "left"
}