{
  "pose": [
    17.339678,
    261.300385,
    254.807541,
    177.143138,
    -14.468273,
    88.284087
  ],
  "position_mm": [
    17.339678,
    261.300385,
    254.807541
  ],
  "orientation_deg": [
    177.143138,
    -14.468273,
    88.284087
  ],
  "joint_angles_deg": [
    89.020796,
    -62.19921,
    -23.083725,
    -3.218419,
    70.879406,
    1.76958,
    0.0
  ],
  "arm": "right"
}