{
  "pose": [
    248.582047,
    -30.08013,
    760.581116,
    -148.257814,
    -84.212764,
    -33.626836
  ],
  "position_mm": [
    248.582047,
    -30.08013,
    760.581116
  ],
  "orientation_deg": [
    -148.257814,
    -84.212764,
    -33.626836
  ],
  "joint_angles_deg": [
    -40.709396,
    -65.137509,
    -66.456,
    47.279102,
    58.499793,
    -30.415751,
    0.0
  ],
  "arm": "right"
}