{
  "pose": [
    289.742889,
    38.182556,
    498.519012,
    -4.697108,
    -82.067209,
    176.144472
  ],
  "position_mm": [
    289.742889,
    38.182556,
    498.519012
  ],
  "orientation_deg": [
    -4.697108,
    -82.067209,
    176.144472
  ],
  "joint_angles_deg": [
    18.4446,
    -99.803633,
    -5.713535,
    -77.05887,
    27.520423,
    72.111265,
    0.0
  ],
  "arm": "right"
}