{
  "pose": [
    232.563477,
    -34.013786,
    776.814026,
    28.681179,
    -87.876829,
    147.814517
  ],
  "position_mm": [
    232.563477,
    -34.013786,
    776.814026
  ],
  "orientation_deg": [
    28.681179,
    -87.876829,
    147.814517
  ],
  "joint_angles_deg": [
    -37.270102,
    -68.662689,
    -62.603947,
    46.712561,
    49.77101,
    -34.210336,
    0.0
  ],
  "arm": "right"
}