{
  "pose": [
    27.107771,
    -191.2005,
    283.640167,
    -179.746773,
    -1.731421,
    91.451914
  ],
  "position_mm": [
    27.107771,
    -191.2005,
    283.640167
  ],
  "orientation_deg": [
    -179.746773,
    -1.731421,
    91.451914
  ],
  "joint_angles_deg": [
    -81.859683,
    -58.157222,
    -34.329397,
    -0.049962,
    94.235801,
    186.681682,
    0.0
  ],
  "linear_rail_mm": -7.0,
  "arm": "left"
}