{
  "pose": [
    165.58017,
    -587.430847,
    313.790222,
    -179.905138,
    -0.202025,
    89.108459
  ],
  "position_mm": [
    165.58017,
    -587.430847,
    313.790222
  ],
  "orientation_deg": [
    -179.905138,
    -0.202025,
    89.108459
  ],
  "joint_angles_deg": [
    -74.243413,
    33.379547,
    -128.532023,
    -0.033174,
    95.373179,
    196.644959,
    0.0
  ],
  "linear_rail_mm": -7.0,
  "arm": "left"
}