{
  "pose": [
    229.889893,
    -31.112009,
    608.255737,
    178.279657,
    -54.188801,
    -1.742938
  ],
  "position_mm": [
    229.889893,
    -31.112009,
    608.255737
  ],
  "orientation_deg": [
    178.279657,
    -54.188801,
    -1.742938
  ],
  "joint_angles_deg": [
    -44.382228,
    -66.814327,
    -64.321789,
    31.91564,
    85.430586,
    -30.638918,
    0.0
  ],
  "arm": "right"
}