{
  "pose": [
    24.589804,
    57.492699,
    465.013519,
    -173.597618,
    -6.845184,
    -2.760224
  ],
  "position_mm": [
    24.589804,
    57.492699,
    465.013519
  ],
  "orientation_deg": [
    -173.597618,
    -6.845184,
    -2.760224
  ],
  "joint_angles_deg": [
    -44.381826,
    -71.094494,
    -70.723045,
    14.61644,
    140.05197,
    -30.630438,
    0.0
  ],
  "arm": "right"
}