{
  "pose": [
    244.597778,
    -31.198326,
    765.800049,
    -162.5114,
    -84.829725,
    -20.459521
  ],
  "position_mm": [
    244.597778,
    -31.198326,
    765.800049
  ],
  "orientation_deg": [
    -162.5114,
    -84.829725,
    -20.459521
  ],
  "joint_angles_deg": [
    -40.709396,
    -64.924369,
    -67.612057,
    45.722376,
    58.538983,
    -30.415235,
    0.0
  ],
  "arm": "right"
}