{
  "pose": [
    91.011742,
    -17.585442,
    644.856079,
    71.948946,
    -89.172974,
    108.965744
  ],
  "position_mm": [
    91.011742,
    -17.585442,
    644.856079
  ],
  "orientation_deg": [
    71.948946,
    -89.172974,
    108.965744
  ],
  "joint_angles_deg": [
    9.037378,
    -107.250537,
    -42.117497,
    -9.440683,
    59.452278,
    4.00784,
    0.0
  ],
  "arm": "right"
}