{
  "pose": [
    80.105438,
    596.45874,
    294.388916,
    -175.098939,
    -86.553411,
    82.356438
  ],
  "position_mm": [
    80.105438,
    596.45874,
    294.388916
  ],
  "orientation_deg": [
    -175.098939,
    -86.553411,
    82.356438
  ],
  "joint_angles_deg": [
    77.383966,
    16.62672,
    -38.355571,
    -10.879666,
    -65.183747,
    4.308929,
    0.0
  ],
  "arm": "right"
}