{
  "pose": [
    71.985962,
    540.051636,
    352.581818,
    127.094587,
    -88.526735,
    140.754875
  ],
  "position_mm": [
    71.985962,
    540.051636,
    352.581818
  ],
  "orientation_deg": [
    127.094587,
    -88.526735,
    140.754875
  ],
  "joint_angles_deg": [
    75.429722,
    0.174809,
    -27.141526,
    -13.977821,
    -62.829291,
    5.114049,
    0.0
  ],
  "arm": "right"
}