{
  "pose": [
    81.800377,
    604.734009,
    352.545166,
    127.249801,
    -88.52599,
    139.599734
  ],
  "position_mm": [
    81.800377,
    604.734009,
    352.545166
  ],
  "orientation_deg": [
    127.249801,
    -88.52599,
    139.599734
  ],
  "joint_angles_deg": [
    77.505663,
    10.167537,
    -40.49448,
    -10.880297,
    -59.227736,
    4.296439,
    0.0
  ],
  "arm": "right"
}