{
  "pose": [
    18.474106,
    236.994385,
    216.89447,
    -179.22922,
    1.591791,
    89.836631
  ],
  "position_mm": [
    18.474106,
    236.994385,
    216.89447
  ],
  "orientation_deg": [
    -179.22922,
    1.591791,
    89.836631
  ],
  "joint_angles_deg": [
    84.87178,
    -49.513981,
    -27.010663,
    0.643775,
    78.177857,
    -5.095142,
    0.0
  ],
  "arm": "right"
}