{
  "pose": [
    59.064304,
    -594.265076,
    297.944305,
    179.270186,
    1.204243,
    -90.731935
  ],
  "position_mm": [
    59.064304,
    -594.265076,
    297.944305
  ],
  "orientation_deg": [
    179.270186,
    1.204243,
    -90.731935
  ],
  "joint_angles_deg": [
    -84.058524,
    29.084197,
    -119.325508,
    -0.585162,
    91.522101,
    6.656738,
    0.0
  ],
  "linear_rail_mm": 0.0,
  "arm": "left"
}