{
  "pose": [
    79.685577,
    483.122162,
    357.49762,
    116.222655,
    -74.57888,
    150.094774
  ],
  "position_mm": [
    79.685577,
    483.122162,
    357.49762
  ],
  "orientation_deg": [
    116.222655,
    -74.57888,
    150.094774
  ],
  "joint_angles_deg": [
    70.786758,
    -18.213125,
    -16.142226,
    -19.134556,
    -50.278823,
    -3.163758,
    0.0
  ],
  "arm": "right"
}