{
  "pose": [
    6.508397,
    474.863312,
    286.86264,
    178.980441,
    -0.59135,
    -1.013849
  ],
  "position_mm": [
    6.508397,
    474.863312,
    286.86264
  ],
  "orientation_deg": [
    178.980441,
    -0.59135,
    -1.013849
  ],
  "joint_angles_deg": [
    89.526432,
    -0.179221,
    -77.968326,
    -0.592152,
    79.173256,
    90.661919,
    0.0
  ],
  "arm": "right"
}