{
  "pose": [
    118.601151,
    -388.496674,
    524.209656,
    179.324273,
    -7.850954,
    -78.008834
  ],
  "position_mm": [
    118.601151,
    -388.496674,
    524.209656
  ],
  "orientation_deg": [
    179.324273,
    -7.850954,
    -78.008834
  ],
  "joint_angles_deg": [
    -71.931127,
    -5.689815,
    -111.410841,
    -1.590588,
    109.357246,
    5.495238,
    0.0
  ],
  "linear_rail_mm": 0.0,
  "arm": "left"
}