{
  "pose": [
    -11.733253,
    -452.584412,
    284.409393,
    178.05288,
    1.824928,
    -62.871747
  ],
  "position_mm": [
    -11.733253,
    -452.584412,
    284.409393
  ],
  "orientation_deg": [
    178.05288,
    1.824928,
    -62.871747
  ],
  "joint_angles_deg": [
    -90.053725,
    -4.922853,
    -72.177327,
    -2.624548,
    77.846171,
    -26.643626,
    0.0
  ],
  "linear_rail_mm": 0.0,
  "arm": "left"
}