{
  "pose": [
    -72.8302,
    -540.751831,
    -99.600204,
    -97.461954,
    -0.87949,
    -96.674882
  ],
  "position_mm": [
    -72.8302,
    -540.751831,
    -99.600204
  ],
  "orientation_deg": [
    -97.461954,
    -0.87949,
    -96.674882
  ],
  "joint_angles_deg": [
    -124.907836,
    92.6243,
    -134.187346,
    63.511741,
    102.29027,
    -54.097987,
    0.0
  ],
  "linear_rail_mm": 0.0,
  "arm": "left"
}