{
  "pose": [
    172.851227,
    -516.854614,
    89.376144,
    -179.648797,
    0.910258,
    -92.847123
  ],
  "position_mm": [
    172.851227,
    -516.854614,
    89.376144
  ],
  "orientation_deg": [
    -179.648797,
    0.910258,
    -92.847123
  ],
  "joint_angles_deg": [
    -71.761531,
    21.889108,
    -73.5373,
    0.827236,
    52.374072,
    20.579212,
    0.0
  ],
  "linear_rail_mm": 0.0,
  "arm": "left"
}