{
  "arm": "both",
  "right": {
    "pose": [
      5.337992,
      145.288269,
      159.193619,
      178.198583,
      2.214024,
      86.790501
    ],
    "position_mm": [
      5.337992,
      145.288269,
      159.193619
    ],
    "orientation_deg": [
      178.198583,
      2.214024,
      86.790501
    ],
    "joint_angles_deg": [
      90.899983,
      -77.939449,
      -7.858861,
      -1.63906,
      88.136379,
      4.161392,
      0.0
    ]
  },
  "left": {
    "pose": [
      29.589958,
      -155.285492,
      141.869568,
      -178.236513,
      -0.834169,
      -92.2764
    ],
    "position_mm": [
      29.589958,
      -155.285492,
      141.869568
    ],
    "orientation_deg": [
      -178.236513,
      -0.834169,
      -92.2764
    ],
    "joint_angles_deg": [
      -81.813732,
      -80.599978,
      -3.677014,
      1.59414,
      83.139041,
      10.275081,
      0.0
    ],
    "linear_rail_mm": 0.0
  }
}