{
  "pose": [
    200.171494,
    606.3797,
    416.507599,
    173.586445,
    -87.603757,
    27.687383
  ],
  "position_mm": [
    200.171494,
    606.3797,
    416.507599
  ],
  "orientation_deg": [
    173.586445,
    -87.603757,
    27.687383
  ],
  "joint_angles_deg": [
    93.107934,
    10.316621,
    -74.977486,
    -95.757634,
    72.588653,
    115.572978,
    0.0
  ],
  "arm": "right"
}