{
  "pose": [
    81.751907,
    -594.473083,
    278.181519,
    179.279296,
    1.144598,
    -90.731706
  ],
  "position_mm": [
    81.751907,
    -594.473083,
    278.181519
  ],
  "orientation_deg": [
    179.279296,
    1.144598,
    -90.731706
  ],
  "joint_angles_deg": [
    -81.931418,
    28.701232,
    -115.441828,
    -0.537434,
    87.982024,
    8.81782,
    0.0
  ],
  "linear_rail_mm": 0.0,
  "arm": "left"
}