{
  "pose": [
    41.219868,
    302.124329,
    422.544312,
    -178.488213,
    -0.234798,
    12.936528
  ],
  "position_mm": [
    41.219868,
    302.124329,
    422.544312
  ],
  "orientation_deg": [
    -178.488213,
    -0.234798,
    12.936528
  ],
  "joint_angles_deg": [
    81.930673,
    -29.996976,
    -72.418599,
    0.328706,
    100.919869,
    -290.942468,
    0.0
  ],
  "arm": "right"
}