{
  "pose": [
    31.799423,
    -834.259521,
    252.460464,
    138.707582,
    -88.575322,
    -45.002282
  ],
  "position_mm": [
    31.799423,
    -834.259521,
    252.460464
  ],
  "orientation_deg": [
    138.707582,
    -88.575322,
    -45.002282
  ],
  "joint_angles_deg": [
    -88.888157,
    58.074945,
    -102.47883,
    -3.682858,
    -44.583851,
    1.636196,
    0.0
  ],
  "linear_rail_mm": 0.0,
  "arm": "left"
}