{
  "pose": [
    137.263779,
    -529.346802,
    356.185913,
    174.78301,
    2.708314,
    -79.865676
  ],
  "position_mm": [
    137.263779,
    -529.346802,
    356.185913
  ],
  "orientation_deg": [
    174.78301,
    2.708314,
    -79.865676
  ],
  "joint_angles_deg": [
    -72.960102,
    21.640788,
    -118.241587,
    -4.926921,
    99.881555,
    6.075243,
    0.0
  ],
  "linear_rail_mm": 0.0,
  "arm": "left"
}