{
  "pose": [
    240.090012,
    -260.281281,
    231.169312,
    -179.468659,
    -1.633732,
    -1.627429
  ],
  "position_mm": [
    240.090012,
    -260.281281,
    231.169312
  ],
  "orientation_deg": [
    -179.468659,
    -1.633732,
    -1.627429
  ],
  "joint_angles_deg": [
    -48.360904,
    -25.30766,
    -44.091337,
    1.668052,
    68.674263,
    -47.337888,
    0.0
  ],
  "linear_rail_mm": 0.0,
  "arm": "left"
}