{
  "pose": [
    36.959583,
    -657.110535,
    229.762482,
    176.646956,
    1.257814,
    -91.688774
  ],
  "position_mm": [
    36.959583,
    -657.110535,
    229.762482
  ],
  "orientation_deg": [
    176.646956,
    1.257814,
    -91.688774
  ],
  "joint_angles_deg": [
    -85.455395,
    48.705595,
    -140.100213,
    -3.201058,
    93.004629,
    6.073696,
    0.0
  ],
  "linear_rail_mm": 0.0,
  "arm": "left"
}