{
  "pose": [
    199.828262,
    -506.853455,
    366.467377,
    -179.253055,
    1.300213,
    -74.82359
  ],
  "position_mm": [
    199.828262,
    -506.853455,
    366.467377
  ],
  "orientation_deg": [
    -179.253055,
    1.300213,
    -74.82359
  ],
  "joint_angles_deg": [
    -68.933469,
    19.209499,
    -116.255772,
    0.885621,
    98.262033,
    6.016573,
    0.0
  ],
  "linear_rail_mm": 0.0,
  "arm": "left"
}