{
  "pose": [
    139.336563,
    -573.647461,
    344.519684,
    175.688054,
    -6.29228,
    -79.880229
  ],
  "position_mm": [
    139.336563,
    -573.647461,
    344.519684
  ],
  "orientation_deg": [
    175.688054,
    -6.29228,
    -79.880229
  ],
  "joint_angles_deg": [
    -74.155865,
    19.828866,
    -111.419378,
    -4.930416,
    85.773673,
    6.075129,
    0.0
  ],
  "linear_rail_mm": 0.0,
  "arm": "left"
}