{
  "pose": [
    196.126831,
    611.131165,
    506.94458,
    75.519791,
    -88.275951,
    117.981063
  ],
  "position_mm": [
    196.126831,
    611.131165,
    506.94458
  ],
  "orientation_deg": [
    75.519791,
    -88.275951,
    117.981063
  ],
  "joint_angles_deg": [
    95.788803,
    15.535808,
    -92.130983,
    -92.222255,
    82.594215,
    101.908451,
    0.0
  ],
  "arm": "right"
}