{
  "pose": [
    12.681832,
    248.120255,
    347.061249,
    -151.604289,
    -88.384928,
    -47.531433
  ],
  "position_mm": [
    12.681832,
    248.120255,
    347.061249
  ],
  "orientation_deg": [
    -151.604289,
    -88.384928,
    -47.531433
  ],
  "joint_angles_deg": [
    130.766731,
    2.172771,
    -57.142972,
    -44.141872,
    133.942235,
    145.986208,
    0.0
  ],
  "arm": "right"
}