{
  "pose": [
    200.782776,
    -512.543274,
    378.33493,
    -179.030518,
    -0.83119,
    -74.96024
  ],
  "position_mm": [
    200.782776,
    -512.543274,
    378.33493
  ],
  "orientation_deg": [
    -179.030518,
    -0.83119,
    -74.96024
  ],
  "joint_angles_deg": [
    -69.053332,
    18.909326,
    -117.401459,
    0.88648,
    97.564628,
    6.023677,
    0.0
  ],
  "linear_rail_mm": 0.0,
  "arm": "left"
}