{
  "pose": [
    143.043549,
    -574.994995,
    146.283524,
    -178.749425,
    -0.114133,
    -91.653366
  ],
  "position_mm": [
    143.043549,
    -574.994995,
    146.283524
  ],
  "orientation_deg": [
    -178.749425,
    -0.114133,
    -91.653366
  ],
  "joint_angles_deg": [
    -76.487287,
    26.174488,
    -89.572612,
    1.321527,
    62.966916,
    14.568655,
    0.0
  ],
  "linear_rail_mm": 0.0,
  "arm": "left"
}