{
  "pose": [
    67.839722,
    396.742432,
    351.382019,
    30.930897,
    -88.867759,
    -127.704099
  ],
  "position_mm": [
    67.839722,
    396.742432,
    351.382019
  ],
  "orientation_deg": [
    30.930897,
    -88.867759,
    -127.704099
  ],
  "joint_angles_deg": [
    71.365102,
    -27.475504,
    1.219598,
    -13.078564,
    -65.312834,
    5.164011,
    0.0
  ],
  "arm": "right"
}