{
  "pose": [
    -147.237061,
    -541.122192,
    -59.430225,
    -114.264916,
    -2.133466,
    -96.725474
  ],
  "position_mm": [
    -147.237061,
    -541.122192,
    -59.430225
  ],
  "orientation_deg": [
    -114.264916,
    -2.133466,
    -96.725474
  ],
  "joint_angles_deg": [
    -127.731544,
    74.942708,
    -120.62618,
    52.175714,
    92.276572,
    -54.035249,
    0.0
  ],
  "linear_rail_mm": 0.0,
  "arm": "left"
}