{
  "pose": [
    334.876556,
    247.23465,
    472.352112,
    22.151351,
    -87.381736,
    155.466311
  ],
  "position_mm": [
    334.876556,
    247.23465,
    472.352112
  ],
  "orientation_deg": [
    22.151351,
    -87.381736,
    155.466311
  ],
  "joint_angles_deg": [
    71.497341,
    -42.696013,
    -30.091801,
    -97.280212,
    75.356842,
    107.504873,
    0.0
  ],
  "arm": "right"
}