{
  "pose": [
    200.171448,
    565.778137,
    351.998474,
    173.677545,
    -87.605419,
    27.595538
  ],
  "position_mm": [
    200.171448,
    565.778137,
    351.998474
  ],
  "orientation_deg": [
    173.677545,
    -87.605419,
    27.595538
  ],
  "joint_angles_deg": [
    93.65316,
    7.112755,
    -61.795332,
    -98.416617,
    74.293375,
    125.847716,
    0.0
  ],
  "arm": "right"
}