{
  "pose": [
    18.715366,
    468.934845,
    511.75238,
    -150.477911,
    -88.629695,
    -30.383379
  ],
  "position_mm": [
    18.715366,
    468.934845,
    511.75238
  ],
  "orientation_deg": [
    -150.477911,
    -88.629695,
    -30.383379
  ],
  "joint_angles_deg": [
    122.135752,
    13.963096,
    -92.246721,
    -81.126584,
    121.92496,
    105.287584,
    0.0
  ],
  "arm": "right"
}