{
  "pose": [
    199.166351,
    568.267639,
    383.585754,
    173.799184,
    -87.60708,
    27.475504
  ],
  "position_mm": [
    199.166351,
    568.267639,
    383.585754
  ],
  "orientation_deg": [
    173.799184,
    -87.60708,
    27.475504
  ],
  "joint_angles_deg": [
    93.661984,
    5.145791,
    -64.006032,
    -97.227156,
    73.731017,
    121.547037,
    0.0
  ],
  "arm": "right"
}