{
  "pose": [
    -16.897436,
    -443.693481,
    264.39151,
    -156.881803,
    4.288532,
    -64.722115
  ],
  "position_mm": [
    -16.897436,
    -443.693481,
    264.39151
  ],
  "orientation_deg": [
    -156.881803,
    4.288532,
    -64.722115
  ],
  "joint_angles_deg": [
    -101.821189,
    8.006741,
    -84.034631,
    15.794728,
    93.532667,
    -37.684637,
    0.0
  ],
  "linear_rail_mm": 0.0,
  "arm": "left"
}