{
  "pose": [
    -72.04567,
    -545.722717,
    -70.543495,
    -166.550924,
    -2.594009,
    -94.41147
  ],
  "position_mm": [
    -72.04567,
    -545.722717,
    -70.543495
  ],
  "orientation_deg": [
    -166.550924,
    -2.594009,
    -94.41147
  ],
  "joint_angles_deg": [
    -101.321284,
    41.133557,
    -73.027539,
    25.285372,
    33.570915,
    -28.588932,
    0.0
  ],
  "linear_rail_mm": 0.0,
  "arm": "left"
}