{
  "pose": [
    -7.099038,
    566.351135,
    479.132263,
    -28.441396,
    -88.792645,
    -154.129944
  ],
  "position_mm": [
    -7.099038,
    566.351135,
    479.132263
  ],
  "orientation_deg": [
    -28.441396,
    -88.792645,
    -154.129944
  ],
  "joint_angles_deg": [
    119.038972,
    40.742112,
    -123.916333,
    -87.048676,
    121.507847,
    97.933098,
    0.0
  ],
  "arm": "right"
}