{
  "pose": [
    -66.073555,
    -546.302185,
    -84.290436,
    -130.278972,
    6.114319,
    -83.690398
  ],
  "position_mm": [
    -66.073555,
    -546.302185,
    -84.290436
  ],
  "orientation_deg": [
    -130.278972,
    6.114319,
    -83.690398
  ],
  "joint_angles_deg": [
    -114.004163,
    69.463455,
    -115.655083,
    38.954999,
    82.864594,
    -45.686108,
    0.0
  ],
  "linear_rail_mm": 0.0,
  "arm": "left"
}