{
  "pose": [
    201.835587,
    -511.932678,
    360.81955,
    -179.175018,
    0.593183,
    -74.846164
  ],
  "position_mm": [
    201.835587,
    -511.932678,
    360.81955
  ],
  "orientation_deg": [
    -179.175018,
    0.593183,
    -74.846164
  ],
  "joint_angles_deg": [
    -68.927224,
    19.159823,
    -115.054222,
    0.887282,
    96.398545,
    6.018177,
    0.0
  ],
  "linear_rail_mm": 0.0,
  "arm": "left"
}