{
  "pose": [
    135.756607,
    -567.143433,
    327.127563,
    175.461277,
    -4.035113,
    -80.023869
  ],
  "position_mm": [
    135.756607,
    -567.143433,
    327.127563
  ],
  "orientation_deg": [
    175.461277,
    -4.035113,
    -80.023869
  ],
  "joint_angles_deg": [
    -74.319903,
    19.825944,
    -109.148403,
    -4.930416,
    85.774131,
    6.075129,
    0.0
  ],
  "linear_rail_mm": 0.0,
  "arm": "left"
}