{
  "pose": [
    41.475391,
    298.681824,
    457.803711,
    -179.295855,
    2.468302,
    83.308121
  ],
  "position_mm": [
    41.475391,
    298.681824,
    457.803711
  ],
  "orientation_deg": [
    -179.295855,
    2.468302,
    83.308121
  ],
  "joint_angles_deg": [
    81.477463,
    -23.409509,
    -84.77071,
    0.667954,
    110.66846,
    -1.593281,
    0.0
  ],
  "arm": "right"
}