{
  "pose": [
    -335.704926,
    -718.062744,
    323.786652,
    -69.241434,
    33.40195,
    -145.637048
  ],
  "position_mm": [
    -335.704926,
    -718.062744,
    323.786652
  ],
  "orientation_deg": [
    -69.241434,
    33.40195,
    -145.637048
  ],
  "joint_angles_deg": [
    -130.862644,
    51.475445,
    -109.998615,
    119.090596,
    77.890862,
    -3.529134,
    0.0
  ],
  "linear_rail_mm": 0.0,
  "arm": "left"
}