{
  "pose": [
    195.695953,
    562.746338,
    423.565735,
    151.058375,
    -89.170682,
    50.000251
  ],
  "position_mm": [
    195.695953,
    562.746338,
    423.565735
  ],
  "orientation_deg": [
    151.058375,
    -89.170682,
    50.000251
  ],
  "joint_angles_deg": [
    94.359617,
    2.216487,
    -65.172001,
    -97.102538,
    74.833502,
    117.483392,
    0.0
  ],
  "arm": "right"
}