{
  "pose": [
    118.607132,
    -302.993652,
    38.497818,
    -147.693623,
    7.93982,
    -82.044061
  ],
  "position_mm": [
    118.607132,
    -302.993652,
    38.497818
  ],
  "orientation_deg": [
    -147.693623,
    7.93982,
    -82.044061
  ],
  "joint_angles_deg": [
    -87.894476,
    -0.35363,
    -30.171327,
    42.253288,
    50.622712,
    -36.742981,
    0.0
  ],
  "linear_rail_mm": 0.0,
  "arm": "left"
}