{
  "pose": [
    -23.337732,
    302.334503,
    213.262665,
    -144.463115,
    -89.644747,
    -17.605962
  ],
  "position_mm": [
    -23.337732,
    302.334503,
    213.262665
  ],
  "orientation_deg": [
    -144.463115,
    -89.644747,
    -17.605962
  ],
  "joint_angles_deg": [
    144.863555,
    7.681989,
    -37.620466,
    -56.793582,
    107.187455,
    155.524638,
    0.0
  ],
  "arm": "right"
}