{
  "pose": [
    36.934624,
    -661.101318,
    243.087982,
    176.811338,
    -0.237892,
    -91.738507
  ],
  "position_mm": [
    36.934624,
    -661.101318,
    243.087982
  ],
  "orientation_deg": [
    176.811338,
    -0.237892,
    -91.738507
  ],
  "joint_angles_deg": [
    -85.48261,
    48.702501,
    -142.027758,
    -3.201287,
    93.431254,
    6.073811,
    0.0
  ],
  "linear_rail_mm": 0.0,
  "arm": "left"
}