{
  "pose": [
    -30.994732,
    -448.269226,
    377.192596,
    -176.563476,
    0.708119,
    -65.474007
  ],
  "position_mm": [
    -30.994732,
    -448.269226,
    377.192596
  ],
  "orientation_deg": [
    -176.563476,
    0.708119,
    -65.474007
  ],
  "joint_angles_deg": [
    -95.564605,
    -1.425118,
    -91.695306,
    2.629991,
    95.451331,
    -29.872702,
    0.0
  ],
  "linear_rail_mm": 0.0,
  "arm": "left"
}