{
  "pose": [
    229.614212,
    -36.09164,
    -92.552582,
    -177.921501,
    0.086116,
    3.034728
  ],
  "position_mm": [
    229.614212,
    -36.09164,
    -92.552582
  ],
  "orientation_deg": [
    -177.921501,
    0.086116,
    3.034728
  ],
  "joint_angles_deg": [
    7.567283,
    17.930027,
    -18.150615,
    86.090633,
    2.083676,
    -81.552521,
    0.0
  ],
  "linear_rail_mm": 0.0,
  "arm": "left"
}