{
  "pose": [
    21.639502,
    -191.978928,
    251.943558,
    -179.249674,
    -1.503384,
    -90.881649
  ],
  "position_mm": [
    21.639502,
    -191.978928,
    251.943558
  ],
  "orientation_deg": [
    -179.249674,
    -1.503384,
    -90.881649
  ],
  "joint_angles_deg": [
    -84.364139,
    -64.031643,
    -26.229549,
    0.57502,
    88.682408,
    6.502383,
    0.0
  ],
  "linear_rail_mm": 0.0,
  "arm": "left"
}