{
  "arm": "both",
  "right": {
    "pose": [
      8.192504,
      473.762268,
      370.949097,
      177.713231,
      -1.419732,
      -1.070572
    ],
    "position_mm": [
      8.192504,
      473.762268,
      370.949097
    ],
    "orientation_deg": [
      177.713231,
      -1.419732,
      -1.070572
    ],
    "joint_angles_deg": [
      89.814859,
      3.467483,
      -96.407827,
      -1.388964,
      95.247874,
      90.814555,
      0.0
    ]
  },
  "left": {
    "pose": [
      70.034431,
      -419.087891,
      159.972397,
      179.75296,
      0.234684,
      -90.330979
    ],
    "position_mm": [
      70.034431,
      -419.087891,
      159.972397
    ],
    "orientation_deg": [
      179.75296,
      0.234684,
      -90.330979
    ],
    "joint_angles_deg": [
      -80.408496,
      -6.188918,
      -49.985182,
      -0.24345,
      56.448088,
      10.057014,
      0.0
    ],
    "linear_rail_mm": 0.0
  }
}