{
  "pose": [
    41.204132,
    302.282471,
    416.422333,
    178.690468,
    -0.780941,
    153.357712
  ],
  "position_mm": [
    41.204132,
    302.282471,
    416.422333
  ],
  "orientation_deg": [
    178.690468,
    -0.780941,
    153.357712
  ],
  "joint_angles_deg": [
    81.939095,
    -30.472015,
    -70.990044,
    0.327732,
    99.971739,
    -71.348715,
    0.0
  ],
  "arm": "right"
}