{
  "pose": [
    -223.35939,
    -644.153137,
    181.050308,
    -126.157056,
    29.667067,
    -151.726902
  ],
  "position_mm": [
    -223.35939,
    -644.153137,
    181.050308
  ],
  "orientation_deg": [
    -126.157056,
    29.667067,
    -151.726902
  ],
  "joint_angles_deg": [
    -126.911298,
    40.597326,
    -100.863719,
    64.470071,
    71.436722,
    11.071378,
    0.0
  ],
  "linear_rail_mm": 0.0,
  "arm": "left"
}