{
  "pose": [
    -247.962402,
    -612.639221,
    297.092133,
    -46.606335,
    2.618875,
    -141.702318
  ],
  "position_mm": [
    -247.962402,
    -612.639221,
    297.092133
  ],
  "orientation_deg": [
    -46.606335,
    2.618875,
    -141.702318
  ],
  "joint_angles_deg": [
    -131.406724,
    54.372893,
    -89.785752,
    126.698501,
    117.786085,
    -46.696633,
    0.0
  ],
  "linear_rail_mm": 0.0,
  "arm": "left"
}