{
  "pose": [
    -7.569864,
    130.584732,
    203.929138,
    -54.061318,
    -88.79677,
    -144.42444
  ],
  "position_mm": [
    -7.569864,
    130.584732,
    203.929138
  ],
  "orientation_deg": [
    -54.061318,
    -88.79677,
    -144.42444
  ],
  "joint_angles_deg": [
    142.766988,
    10.141238,
    -39.084946,
    -21.331734,
    117.972067,
    170.834013,
    0.0
  ],
  "arm": "right"
}