{
  "pose": [
    39.946495,
    -546.749084,
    459.985016,
    -161.259888,
    -86.999344,
    -103.928585
  ],
  "position_mm": [
    39.946495,
    -546.749084,
    459.985016
  ],
  "orientation_deg": [
    -161.259888,
    -86.999344,
    -103.928585
  ],
  "joint_angles_deg": [
    -87.202687,
    -18.289386,
    -32.508766,
    -3.431043,
    -36.407686,
    3.62625,
    0.0
  ],
  "linear_rail_mm": 0.0,
  "arm": "left"
}