{
  "pose": [
    -158.578033,
    -536.816895,
    -15.68637,
    -93.311334,
    0.298339,
    -99.91536
  ],
  "position_mm": [
    -158.578033,
    -536.816895,
    -15.68637
  ],
  "orientation_deg": [
    -93.311334,
    0.298339,
    -99.91536
  ],
  "joint_angles_deg": [
    -133.202718,
    92.408639,
    -144.549631,
    65.398549,
    113.412412,
    -43.724587,
    0.0
  ],
  "linear_rail_mm": 0.0,
  "arm": "left"
}