{
  "arm": "both",
  "right": {
    "pose": [
      24.530426,
      281.370178,
      342.967499,
      -177.94906,
      -0.856228,
      84.591546
    ],
    "position_mm": [
      24.530426,
      281.370178,
      342.967499
    ],
    "orientation_deg": [
      -177.94906,
      -0.856228,
      84.591546
    ],
    "joint_angles_deg": [
      83.031898,
      -38.94566,
      -52.952989,
      2.073878,
      91.097883,
      -1.520745,
      0.0
    ],
    "end_effector": {
      "type": "xarm-gripper2",
      "position": 779.0
    }
  },
  "left": {
    "pose": [
      12.643544,
      -853.157715,
      198.474655,
      99.815837,
      -86.74157,
      -1.483846
    ],
    "position_mm": [
      12.643544,
      -853.157715,
      198.474655
    ],
    "orientation_deg": [
      99.815837,
      -86.74157,
      -1.483846
    ],
    "joint_angles_deg": [
      -94.234369,
      71.99484,
      -118.985572,
      -18.256842,
      -43.916986,
      10.032835,
      0.0
    ],
    "linear_rail_mm": 0.0
  }
}