{
  "pose": [
    45.684155,
    -142.139343,
    519.753479,
    179.65338,
    -0.914441,
    -80.908344
  ],
  "position_mm": [
    45.684155,
    -142.139343,
    519.753479
  ],
  "orientation_deg": [
    179.65338,
    -0.914441,
    -80.908344
  ],
  "joint_angles_deg": [
    -71.091228,
    -42.062264,
    -86.351902,
    -0.627675,
    127.570485,
    9.433521,
    0.0
  ],
  "linear_rail_mm": 0.0,
  "arm": "left"
}