{
  "pose": [
    -221.212814,
    -695.840393,
    182.85907,
    -119.000125,
    2.343913,
    -132.791563
  ],
  "position_mm": [
    -221.212814,
    -695.840393,
    182.85907
  ],
  "orientation_deg": [
    -119.000125,
    2.343913,
    -132.791563
  ],
  "joint_angles_deg": [
    -124.633275,
    51.351629,
    -117.328808,
    65.277826,
    72.983937,
    -15.813635,
    0.0
  ],
  "linear_rail_mm": 0.0,
  "arm": "left"
}