{
  "pose": [
    -244.149506,
    -756.827576,
    15.190034,
    -93.76907,
    2.219638,
    -145.268292
  ],
  "position_mm": [
    -244.149506,
    -756.827576,
    15.190034
  ],
  "orientation_deg": [
    -93.76907,
    2.219638,
    -145.268292
  ],
  "joint_angles_deg": [
    -124.411253,
    92.398841,
    -148.655791,
    98.614516,
    70.735708,
    -32.294881,
    0.0
  ],
  "linear_rail_mm": 0.0,
  "arm": "left"
}