{
  "pose": [
    66.180702,
    -595.670166,
    278.597931,
    179.321294,
    0.819158,
    -90.731362
  ],
  "position_mm": [
    66.180702,
    -595.670166,
    278.597931
  ],
  "orientation_deg": [
    179.321294,
    0.819158,
    -90.731362
  ],
  "joint_angles_deg": [
    -83.408446,
    28.01099,
    -114.387128,
    -0.569405,
    87.27528,
    7.349616,
    0.0
  ],
  "linear_rail_mm": 0.0,
  "arm": "left"
}