{
  "pose": [
    31.878977,
    -275.424622,
    292.639008,
    -174.319487,
    -9.892116,
    -94.453525
  ],
  "position_mm": [
    31.878977,
    -275.424622,
    292.639008
  ],
  "orientation_deg": [
    -174.319487,
    -9.892116,
    -94.453525
  ],
  "joint_angles_deg": [
    -87.406774,
    -52.480585,
    -34.588603,
    4.555358,
    76.603598,
    5.904846,
    0.0
  ],
  "linear_rail_mm": 0.0,
  "arm": "left"
}