{
  "pose": [
    132.344543,
    170.872864,
    464.899567,
    49.72271,
    -87.088382,
    128.418749
  ],
  "position_mm": [
    132.344543,
    170.872864,
    464.899567
  ],
  "orientation_deg": [
    49.72271,
    -87.088382,
    128.418749
  ],
  "joint_angles_deg": [
    141.975046,
    -47.529599,
    -27.472925,
    -73.311039,
    141.954534,
    109.996266,
    0.0
  ],
  "arm": "right"
}