{
  "pose": [
    17.367344,
    354.068634,
    555.129456,
    56.152901,
    -89.071045,
    -153.834527
  ],
  "position_mm": [
    17.367344,
    354.068634,
    555.129456
  ],
  "orientation_deg": [
    56.152901,
    -89.071045,
    -153.834527
  ],
  "joint_angles_deg": [
    82.415166,
    -73.083116,
    -17.651741,
    -23.214989,
    0.236632,
    22.442413,
    0.0
  ],
  "arm": "right"
}