{
  "pose": [
    135.367844,
    -382.450195,
    463.049561,
    -178.923719,
    -2.065742,
    -76.925314
  ],
  "position_mm": [
    135.367844,
    -382.450195,
    463.049561
  ],
  "orientation_deg": [
    -178.923719,
    -2.065742,
    -76.925314
  ],
  "joint_angles_deg": [
    -71.122111,
    -7.902807,
    -98.824792,
    0.890548,
    104.561933,
    6.024021,
    0.0
  ],
  "linear_rail_mm": 0.0,
  "arm": "left"
}