{
  "pose": [
    -18.622168,
    -545.844849,
    133.818359,
    -179.600324,
    -0.493202,
    -89.853877
  ],
  "position_mm": [
    -18.622168,
    -545.844849,
    133.818359
  ],
  "orientation_deg": [
    -179.600324,
    -0.493202,
    -89.853877
  ],
  "joint_angles_deg": [
    -92.122217,
    17.75516,
    -75.116429,
    0.500078,
    56.885255,
    -2.541583,
    0.0
  ],
  "linear_rail_mm": 0.0,
  "arm": "left"
}