{
  "arm": "both",
  "right": {
    "pose": [
      83.248734,
      404.295502,
      463.999725,
      171.769137,
      -86.806601,
      12.58519
    ],
    "position_mm": [
      83.248734,
      404.295502,
      463.999725
    ],
    "orientation_deg": [
      171.769137,
      -86.806601,
      12.58519
    ],
    "joint_angles_deg": [
      119.446345,
      -8.013731,
      -61.548043,
      -77.551728,
      112.191725,
      113.134986,
      0.0
    ]
  },
  "left": {
    "pose": [
      112.353424,
      -583.085449,
      631.391296,
      158.533927,
      -88.766804,
      -57.7852
    ],
    "position_mm": [
      112.353424,
      -583.085449,
      631.391296
    ],
    "orientation_deg": [
      158.533927,
      -88.766804,
      -57.7852
    ],
    "joint_angles_deg": [
      -80.48659,
      -16.136955,
      -62.112521,
      -6.658686,
      -10.673001,
      6.06854,
      0.0
    ],
    "linear_rail_mm": 0.0
  }
}