{
  "pose": [
    19.789509,
    107.177139,
    397.085266,
    179.565775,
    -13.157288,
    78.884314
  ],
  "position_mm": [
    19.789509,
    107.177139,
    397.085266
  ],
  "orientation_deg": [
    179.565775,
    -13.157288,
    78.884314
  ],
  "joint_angles_deg": [
    83.77743,
    -76.783678,
    -47.671005,
    -1.6594,
    111.371594,
    4.161278,
    0.0
  ],
  "arm": "right"
}