{
  "pose": [
    40.440533,
    693.888611,
    446.287262,
    173.569886,
    -87.603872,
    27.704056
  ],
  "position_mm": [
    40.440533,
    693.888611,
    446.287262
  ],
  "orientation_deg": [
    173.569886,
    -87.603872,
    27.704056
  ],
  "joint_angles_deg": [
    109.083372,
    34.969276,
    -112.843407,
    -88.12893,
    87.36512,
    101.768878,
    0.0
  ],
  "arm": "right"
}