{
  "pose": [
    216.668747,
    -35.430264,
    237.529404,
    -177.728872,
    -0.445475,
    3.03341
  ],
  "position_mm": [
    216.668747,
    -35.430264,
    237.529404
  ],
  "orientation_deg": [
    -177.728872,
    -0.445475,
    3.03341
  ],
  "joint_angles_deg": [
    -12.020998,
    -55.823163,
    -27.222142,
    2.32512,
    83.21089,
    -15.341518,
    0.0
  ],
  "linear_rail_mm": 0.0,
  "arm": "left"
}