{
  "pose": [
    -170.052414,
    -651.962097,
    169.993683,
    -88.269248,
    1.980371,
    -140.522769
  ],
  "position_mm": [
    -170.052414,
    -651.962097,
    169.993683
  ],
  "orientation_deg": [
    -88.269248,
    1.980371,
    -140.522769
  ],
  "joint_angles_deg": [
    -126.488111,
    43.716565,
    -83.334362,
    102.038799,
    82.416999,
    -49.41549,
    0.0
  ],
  "linear_rail_mm": 0.0,
  "arm": "left"
}