{
  "pose": [
    122.171364,
    260.780701,
    374.302338,
    105.898873,
    -88.197571,
    77.48114
  ],
  "position_mm": [
    122.171364,
    260.780701,
    374.302338
  ],
  "orientation_deg": [
    105.898873,
    -88.197571,
    77.48114
  ],
  "joint_angles_deg": [
    127.625489,
    -30.434028,
    -27.428177,
    -69.641874,
    118.164352,
    125.714217,
    0.0
  ],
  "arm": "right"
}