{
  "pose": [
    56.393196,
    -594.258789,
    276.540771,
    179.269785,
    1.207509,
    -90.732164
  ],
  "position_mm": [
    56.393196,
    -594.258789,
    276.540771
  ],
  "orientation_deg": [
    179.269785,
    1.207509,
    -90.732164
  ],
  "joint_angles_deg": [
    -84.316469,
    27.764733,
    -113.751145,
    -0.591407,
    87.268004,
    6.442796,
    0.0
  ],
  "linear_rail_mm": 0.0,
  "arm": "left"
}