{
  "pose": [
    -254.574448,
    -707.802185,
    172.493896,
    -109.471035,
    -28.332706,
    -124.844753
  ],
  "position_mm": [
    -254.574448,
    -707.802185,
    172.493896
  ],
  "orientation_deg": [
    -109.471035,
    -28.332706,
    -124.844753
  ],
  "joint_angles_deg": [
    -128.366438,
    61.140212,
    -125.643399,
    76.869164,
    77.493917,
    -52.915231,
    0.0
  ],
  "linear_rail_mm": 0.0,
  "arm": "left"
}