{
  "pose": [
    23.882843,
    -331.82605,
    169.080948,
    -150.752587,
    -1.520114,
    -96.859088
  ],
  "position_mm": [
    23.882843,
    -331.82605,
    169.080948
  ],
  "orientation_deg": [
    -150.752587,
    -1.520114,
    -96.859088
  ],
  "joint_angles_deg": [
    -105.602768,
    -25.007832,
    -30.669629,
    32.989764,
    63.297971,
    -26.27785,
    0.0
  ],
  "linear_rail_mm": 0.0,
  "arm": "left"
}