{
  "pose": [
    -24.565851,
    -547.638611,
    -79.745323,
    -112.847132,
    3.881331,
    -90.439784
  ],
  "position_mm": [
    -24.565851,
    -547.638611,
    -79.745323
  ],
  "orientation_deg": [
    -112.847132,
    3.881331,
    -90.439784
  ],
  "joint_angles_deg": [
    -116.083083,
    73.665298,
    -113.451659,
    55.055686,
    88.435348,
    -51.110242,
    0.0
  ],
  "linear_rail_mm": 0.0,
  "arm": "left"
}