{
  "pose": [
    190.3806,
    603.618469,
    490.717407,
    20.98435,
    -88.030725,
    157.613527
  ],
  "position_mm": [
    190.3806,
    603.618469,
    490.717407
  ],
  "orientation_deg": [
    20.98435,
    -88.030725,
    157.613527
  ],
  "joint_angles_deg": [
    98.56656,
    30.522149,
    -109.623041,
    -89.931799,
    100.123802,
    100.039462,
    0.0
  ],
  "arm": "right"
}