{
  "pose": [
    8.700623,
    213.330078,
    166.618515,
    179.166252,
    0.646583,
    90.030806
  ],
  "position_mm": [
    8.700623,
    213.330078,
    166.618515
  ],
  "orientation_deg": [
    179.166252,
    0.646583,
    90.030806
  ],
  "joint_angles_deg": [
    88.641441,
    -56.985752,
    -15.287717,
    -0.888486,
    72.901546,
    -1.128211,
    0.0
  ],
  "arm": "right"
}