{
  "pose": [
    -182.336975,
    -701.008057,
    210.62204,
    -40.158898,
    -88.09398,
    132.900712
  ],
  "position_mm": [
    -182.336975,
    -701.008057,
    210.62204
  ],
  "orientation_deg": [
    -40.158898,
    -88.09398,
    132.900712
  ],
  "joint_angles_deg": [
    -116.11196,
    52.378197,
    -79.816344,
    -31.433324,
    -67.607129,
    15.138634,
    0.0
  ],
  "linear_rail_mm": 0.0,
  "arm": "left"
}