{
  "pose": [
    74.535973,
    -594.262878,
    285.722534,
    179.270186,
    1.205732,
    -90.731935
  ],
  "position_mm": [
    74.535973,
    -594.262878,
    285.722534
  ],
  "orientation_deg": [
    179.270186,
    1.205732,
    -90.731935
  ],
  "joint_angles_deg": [
    -82.603784,
    28.844185,
    -116.921893,
    -0.552045,
    89.374541,
    8.132735,
    0.0
  ],
  "linear_rail_mm": 0.0,
  "arm": "left"
}