{
  "pose": [
    36.381077,
    699.652283,
    434.891022,
    -7.951508,
    -86.286012,
    -150.681999
  ],
  "position_mm": [
    36.381077,
    699.652283,
    434.891022
  ],
  "orientation_deg": [
    -7.951508,
    -86.286012,
    -150.681999
  ],
  "joint_angles_deg": [
    109.447429,
    37.395179,
    -111.128029,
    -94.064086,
    89.207351,
    106.870838,
    0.0
  ],
  "arm": "right"
}