{
  "pose": [
    80.372375,
    -594.262085,
    287.304779,
    179.2699,
    1.20579,
    -90.731992
  ],
  "position_mm": [
    80.372375,
    -594.262085,
    287.304779
  ],
  "orientation_deg": [
    179.2699,
    1.20579,
    -90.731992
  ],
  "joint_angles_deg": [
    -82.055692,
    29.178277,
    -117.699282,
    -0.539841,
    89.823109,
    8.676472,
    0.0
  ],
  "linear_rail_mm": 0.0,
  "arm": "left"
}