{
  "pose": [
    -46.117451,
    -545.848083,
    -88.581451,
    -179.600554,
    -0.493718,
    -89.853591
  ],
  "position_mm": [
    -46.117451,
    -545.848083,
    -88.581451
  ],
  "orientation_deg": [
    -179.600554,
    -0.493718,
    -89.853591
  ],
  "joint_angles_deg": [
    -94.936586,
    42.882969,
    -72.54763,
    0.904872,
    29.211336,
    -5.872817,
    0.0
  ],
  "linear_rail_mm": 0.0,
  "arm": "left"
}