{
  "pose": [
    -80.807404,
    319.145386,
    388.506592,
    -129.400914,
    -83.455084,
    -5.053717
  ],
  "position_mm": [
    -80.807404,
    319.145386,
    388.506592
  ],
  "orientation_deg": [
    -129.400914,
    -83.455084,
    -5.053717
  ],
  "joint_angles_deg": [
    159.154841,
    -31.836858,
    -30.567012,
    -74.849316,
    108.535682,
    126.009347,
    0.0
  ],
  "arm": "right"
}