{
  "pose": [
    6.526467,
    -159.70993,
    401.651733,
    -177.965389,
    -6.128414,
    -98.903516
  ],
  "position_mm": [
    6.526467,
    -159.70993,
    401.651733
  ],
  "orientation_deg": [
    -177.965389,
    -6.128414,
    -98.903516
  ],
  "joint_angles_deg": [
    -89.515832,
    -61.833605,
    -52.560799,
    1.06192,
    108.014519,
    9.663449,
    0.0
  ],
  "linear_rail_mm": 0.0,
  "arm": "left"
}