{
  "pose": [
    340.55661,
    247.101471,
    463.070312,
    20.925393,
    -87.381621,
    156.686883
  ],
  "position_mm": [
    340.55661,
    247.101471,
    463.070312
  ],
  "orientation_deg": [
    20.925393,
    -87.381621,
    156.686883
  ],
  "joint_angles_deg": [
    70.027417,
    -41.922749,
    -29.351597,
    -98.211383,
    74.188065,
    109.310894,
    0.0
  ],
  "arm": "right"
}