{
  "arm": "both",
  "right": {
    "pose": [
      41.199287,
      302.338562,
      414.414978,
      -178.477843,
      0.052941,
      2.189329
    ],
    "position_mm": [
      41.199287,
      302.338562,
      414.414978
    ],
    "orientation_deg": [
      -178.477843,
      0.052941,
      2.189329
    ],
    "joint_angles_deg": [
      81.941846,
      -30.622875,
      -70.527266,
      0.327503,
      99.661482,
      79.812391,
      0.0
    ],
    "end_effector": {
      "type": "xarm-gripper2",
      "position": 289.0
    }
  },
  "left": {
    "pose": [
      20.26289,
      -746.51062,
      265.674744,
      -175.682267,
      -84.085166,
      -91.886216
    ],
    "position_mm": [
      20.26289,
      -746.51062,
      265.674744
    ],
    "orientation_deg": [
      -175.682267,
      -84.085166,
      -91.886216
    ],
    "joint_angles_deg": [
      -89.15865,
      37.75746,
      -71.571997,
      -2.085624,
      -50.303861,
      1.613564,
      0.0
    ],
    "linear_rail_mm": 0.0
  }
}