{
  "pose": [
    -199.739944,
    -639.673706,
    222.648224,
    -84.131175,
    -54.133396,
    -131.245437
  ],
  "position_mm": [
    -199.739944,
    -639.673706,
    222.648224
  ],
  "orientation_deg": [
    -84.131175,
    -54.133396,
    -131.245437
  ],
  "joint_angles_deg": [
    -131.625193,
    51.820079,
    -104.13697,
    89.580977,
    96.166382,
    -91.827659,
    0.0
  ],
  "linear_rail_mm": 0.0,
  "arm": "left"
}