{
  "pose": [
    323.634064,
    247.232971,
    474.157776,
    22.156679,
    -87.381736,
    155.460524
  ],
  "position_mm": [
    323.634064,
    247.232971,
    474.157776
  ],
  "orientation_deg": [
    22.156679,
    -87.381736,
    155.460524
  ],
  "joint_angles_deg": [
    74.622653,
    -43.598937,
    -29.703163,
    -96.166611,
    78.266035,
    106.620799,
    0.0
  ],
  "arm": "right"
}