{
  "pose": [
    8.10338,
    -569.465393,
    278.034515,
    -178.893409,
    0.507698,
    -99.448743
  ],
  "position_mm": [
    8.10338,
    -569.465393,
    278.034515
  ],
  "orientation_deg": [
    -178.893409,
    0.507698,
    -99.448743
  ],
  "joint_angles_deg": [
    -89.719576,
    19.428311,
    -101.560952,
    1.18671,
    82.447595,
    9.57487,
    0.0
  ],
  "linear_rail_mm": 0.0,
  "arm": "left"
}