{
  "pose": [
    76.327225,
    538.917908,
    354.21875,
    133.043378,
    -88.975418,
    133.972716
  ],
  "position_mm": [
    76.327225,
    538.917908,
    354.21875
  ],
  "orientation_deg": [
    133.043378,
    -88.975418,
    133.972716
  ],
  "joint_angles_deg": [
    75.397636,
    -0.093621,
    -26.98551,
    -13.07822,
    -62.823447,
    5.164011,
    0.0
  ],
  "arm": "right"
}