{
  "pose": [
    274.348785,
    559.756775,
    185.833221,
    177.864033,
    -0.689956,
    -4.391378
  ],
  "position_mm": [
    274.348785,
    559.756775,
    185.833221
  ],
  "orientation_deg": [
    177.864033,
    -0.689956,
    -4.391378
  ],
  "joint_angles_deg": [
    64.45844,
    34.354148,
    -109.199568,
    -1.45325,
    76.593285,
    69.221208,
    0.0
  ],
  "arm": "right"
}