{
  "arm": "both",
  "right": {
    "pose": [
      71.206795,
      580.474243,
      357.809357,
      177.79419,
      1.366963,
      -3.720903
    ],
    "position_mm": [
      71.206795,
      580.474243,
      357.809357
    ],
    "orientation_deg": [
      177.79419,
      1.366963,
      -3.720903
    ],
    "joint_angles_deg": [
      82.400842,
      35.074757,
      -139.517114,
      1.267268,
      106.732297,
      86.436012,
      0.0
    ]
  },
  "left": {
    "pose": [
      -61.859402,
      -510.559326,
      190.513107,
      140.030198,
      88.573947,
      97.702024
    ],
    "position_mm": [
      -61.859402,
      -510.559326,
      190.513107
    ],
    "orientation_deg": [
      140.030198,
      88.573947,
      97.702024
    ],
    "joint_angles_deg": [
      -120.995737,
      20.021953,
      -50.5861,
      99.231821,
      83.324278,
      31.049099,
      0.0
    ]
  }
}