{
  "arm": "both",
  "right": {
    "pose": [
      71.209122,
      580.475464,
      357.814362,
      177.794877,
      1.366504,
      -3.720731
    ],
    "position_mm": [
      71.209122,
      580.475464,
      357.814362
    ],
    "orientation_deg": [
      177.794877,
      1.366504,
      -3.720731
    ],
    "joint_angles_deg": [
      82.400842,
      35.074757,
      -139.517916,
      1.26681,
      106.732297,
      86.43584,
      0.0
    ]
  },
  "left": {
    "pose": [
      -23.238167,
      -563.377502,
      191.645157,
      -35.363242,
      88.419133,
      -73.126145
    ],
    "position_mm": [
      -23.238167,
      -563.377502,
      191.645157
    ],
    "orientation_deg": [
      -35.363242,
      88.419133,
      -73.126145
    ],
    "joint_angles_deg": [
      -114.047306,
      27.462211,
      -60.700237,
      102.225354,
      83.62617,
      31.484718,
      0.0
    ]
  }
}