{
  "pose": [
    119.235535,
    146.702377,
    435.518158,
    -179.997728,
    -0.002292,
    -3.519794
  ],
  "position_mm": [
    119.235535,
    146.702377,
    435.518158
  ],
  "orientation_deg": [
    -179.997728,
    -0.002292,
    -3.519794
  ],
  "joint_angles_deg": [
    50.89756,
    -47.153624,
    -65.77693,
    -0.000573,
    112.927346,
    54.417125,
    0.0
  ],
  "arm": "right"
}