{
  "pose": [
    -80.885201,
    -240.846741,
    342.412201,
    178.074595,
    -19.056061,
    -102.21716
  ],
  "position_mm": [
    -80.885201,
    -240.846741,
    342.412201
  ],
  "orientation_deg": [
    178.074595,
    -19.056061,
    -102.21716
  ],
  "joint_angles_deg": [
    -108.794544,
    -63.828014,
    -35.343475,
    0.232678,
    80.023411,
    -6.25584,
    0.0
  ]
}